player_id,player_name,season,age,exp,min,breakout_any_next1,breakout_scoring_next1,breakout_role_next1,star_score,star_within3,breakout_rank
1641718,Keyonte George,2025-26,22.234086242299796,2.0,1786.1083333333333,0.6424204364687455,0.45045180684133906,0.003288982832965817,0.28056970434098055,0.04582638876313209,1
1641710,Anthony Black,2025-26,22.034223134839152,2.0,1910.05,0.6259060352420099,0.41521095270395864,0.3912573388940451,0.14624842836030424,0.03271883414871478,2
1642263,Reed Sheppard,2025-26,21.607118412046542,1.0,2146.923333333333,0.5714560654879483,0.5713567806979968,0.19071385652182107,0.24358442867662466,0.04655835945883031,3
1641824,Matas Buzelis,2025-26,21.30321697467488,1.0,2248.2483333333334,0.4545204263274303,0.26365743620977117,0.19564780377113633,0.07331915182475796,0.031703539806114726,4
1641708,Amen Thompson,2025-26,23.006160164271048,2.0,2953.15,0.44978189179327666,0.2676544236318981,0.06490252546764866,0.7727452497557055,0.40636345442368227,5
1642349,Ajay Mitchell,2025-26,23.60574948665298,1.0,1472.7983333333334,0.4113273480704224,0.35763542039934787,0.38834813339330665,0.5443798511094592,0.08735557886787317,6
1631105,Jalen Duren,2025-26,22.206707734428473,3.0,1975.8533333333332,0.3404965663964841,0.39166447688807915,0.02514657336228266,1.065089230271311,0.6856680707553446,7
1631097,Bennedict Mathurin,2025-26,23.62217659137577,3.0,1620.015,0.33322382339690876,0.3713388572080139,0.03836565411616913,0.07452932153403764,0.013270557384638879,8
1641729,Brice Sensabaugh,2025-26,22.258726899383984,2.0,1761.8666666666666,0.32527177471699226,0.18803804672154867,0.08739534623231658,-0.30567661220421155,0.0022499568127869805,9
1642264,Stephon Castle,2025-26,21.251197809719372,1.0,2037.7433333333333,0.28888293247781244,0.38925461811635825,0.026468791860232047,0.6289435816286099,0.2386538682159372,10
1642281,Jaylon Tyson,2025-26,23.16769336071184,1.0,1777.4833333333333,0.2865611156974534,0.3877946799748628,0.12617033622590076,0.1449346224458066,0.016936256918791935,11
1630552,Jalen Johnson,2025-26,24.123203285420946,4.0,2531.5983333333334,0.268276551296524,0.12157272349981048,0.005067321191340497,0.9669155019143482,0.2589769678188614,12
1642273,Kyshawn George,2025-26,22.140999315537304,1.0,1390.9633333333334,0.268224408448781,0.13006165786838172,0.05977529337699503,-0.058120115544227656,0.013814223432839065,13
1631212,Peyton Watson,2025-26,23.392197125256672,3.0,1597.7583333333334,0.26108635641740574,0.2777046349757803,0.09874614299570639,0.12806042817337984,0.01953137687857906,14
1642844,Dylan Harper,2025-26,19.920602327173167,0.0,1557.9566666666667,0.2537690535725274,0.2059317089164743,0.22349849884685472,0.3308678115108872,0.18158925334114615,15
1631157,Ryan Rollins,2025-26,23.583846680355922,3.0,2375.483333333333,0.24725874370779702,0.6648214521580079,0.07128783087327549,0.32574291496912955,0.042799987234514246,16
1642262,Cody Williams,2025-26,21.19917864476386,1.0,1630.5416666666667,0.24198376136746394,0.01790724842712016,0.10027129725696524,-0.608080972853544,0.0019395327938524626,17
1641717,Cason Wallace,2025-26,22.236824093086927,2.0,2046.07,0.23940997361970864,0.035095152830501755,0.23911379423641552,0.22680803331038427,0.038616377169420533,18
1642867,Collin Murray-Boyles,2025-26,20.646132785763175,0.0,1245.6,0.20512716834192996,0.010014820603005407,0.1535392917728102,0.2166991737647214,0.11121928816533692,19
1641796,Pelle Larsson,2025-26,24.93908281998631,1.0,1849.1433333333334,0.1914496169088002,0.17717513632695936,0.03032174382514009,-0.03646340964710987,0.005863770641698853,20
1642847,Jeremiah Fears,2025-26,19.301848049281315,0.0,2111.903333333333,0.18892604793332218,0.273480535903207,0.04082754670136878,-0.13002273673591527,0.035642367706205394,21
1641842,Ronald Holland II,2025-26,20.57221081451061,1.0,1550.4483333333333,0.1772477121995338,0.008082679479547245,0.1598719208354832,-0.03391422138999748,0.019002176785870416,22
1641716,Jarace Walker,2025-26,22.412046543463383,2.0,1953.3833333333334,0.17235669047058588,0.018809922073653524,0.0682186905441559,-0.3197098554526387,0.003900955487928218,23
1642852,Derik Queen,2025-26,21.097878165639973,0.0,2023.38,0.1695968456380523,0.10077928474450125,0.07980633864211839,-0.01645231125243567,0.04148236679249759,24
1630581,Josh Giddey,2025-26,23.312799452429843,4.0,1731.3566666666666,0.15983459769578184,0.22482225658977129,0.011357541137933707,0.5905927131664513,0.11865260219903793,25
1642849,Nolan Traore,2025-26,19.682409308692677,0.0,1243.3916666666667,0.1579052211470401,0.013868128770116984,0.07060909554023183,-0.6454614407538479,0.002790588747686781,26
1642347,Jamal Shead,2025-26,23.526351813826146,1.0,1852.2383333333332,0.1578139824744187,0.017389526819155433,0.09857548643208351,-0.14427807055411912,0.0031541425539648835,27
1642851,Kon Knueppel,2025-26,20.49828884325804,0.0,2550.7466666666664,0.15532975432609197,0.21298644166409142,0.018622140541397568,0.4160462763790112,0.1976102961712258,28
1631128,Christian Braun,2025-26,24.79397672826831,3.0,1399.1383333333333,0.15524610318285714,0.013946302482425493,0.021940437380074607,0.13688688626339598,0.0103649251862053,29
1642845,VJ Edgecombe,2025-26,20.50924024640657,0.0,2623.305,0.15197176294593814,0.07469972348301694,0.019599604683899857,0.2839273302497344,0.17617484581464224,30
1631114,Jalen Williams,2025-26,24.802190280629706,3.0,935.9633333333334,0.14428880825216792,0.12912840985955615,0.0009011807443847252,0.689803984860386,0.05090133205509726,31
1642846,Ace Bailey,2025-26,19.471594798083505,0.0,1987.6433333333334,0.14363303291135424,0.11392813080517614,0.0429126792881336,-0.3586970243153507,0.010321219839556897,32
1642848,Tre Johnson,2025-26,19.906913073237508,0.0,1442.8166666666666,0.1432402259910185,0.0391755826790801,0.041009207298078575,-0.5482669913333402,0.004237342106541847,33
1642860,Will Riley,2025-26,19.975359342915812,0.0,1632.4716666666666,0.13869985810294538,0.13694631836238558,0.038906146231133115,-0.5463967903605286,0.005861911188748949,34
1642271,Kyle Filipowski,2025-26,22.236824093086927,1.0,1800.9433333333334,0.13560709405143306,0.024556541495148347,0.0532523063033158,-0.0788163929065155,0.008080914135665052,35
1641709,Ausar Thompson,2025-26,23.006160164271048,2.0,1895.61,0.13487898462636394,0.04605639537004797,0.020676513061485647,0.5426835130856094,0.1011936316632847,36
1642868,Carter Bryant,2025-26,20.18343600273785,0.0,817.865,0.13420742372718833,0.002922848099834418,0.09294054391047588,-0.47384486576169066,0.00384149617465681,37
1641705,Victor Wembanyama,2025-26,22.078028747433265,2.0,1865.6483333333333,0.12980732241864706,0.15978742459909426,0.003080996803863304,1.3106210613482945,0.5601970484626922,38
1641713,GG Jackson,2025-26,21.125256673511295,2.0,1177.765,0.12783067938593032,0.028153613242445506,0.011724775053191869,-0.09652064965880025,0.006673805380884294,39
1631170,Jaime Jaquez Jr.,2025-26,24.95277207392197,2.0,2121.21,0.12543197718701002,0.25429417913595964,0.014866735842297361,0.2625938499294505,0.014696343954983091,40
1631101,Shaedon Sharpe,2025-26,22.677618069815196,3.0,1471.3016666666667,0.12287525813623373,0.17106026895554982,0.0008375228169938101,0.16189068903056794,0.014810944334040592,41
1641731,Bilal Coulibaly,2025-26,21.519507186858316,2.0,1467.605,0.12262007800185948,0.019084818490168187,0.0028002256962940094,-0.21234500428633932,0.008461175988104927,42
1630591,Jalen Suggs,2025-26,24.6652977412731,4.0,1573.57,0.11749731692167775,0.10146646931144049,0.0056468036404538485,0.4657026601075655,0.01674588147506074,43
1631222,Jake LaRavia,2025-26,24.246406570841888,3.0,2061.47,0.11603117288152907,0.003499918040320072,0.041008607913604674,-0.21457457189911658,0.0032847345241679856,44
1642907,Cedric Coward,2025-26,22.392881587953458,0.0,1597.9466666666667,0.11551356122980486,0.07141097138371044,0.05852454114293655,0.17576807547420373,0.03962181842045905,45
1642270,Donovan Clingan,2025-26,21.94113620807666,1.0,2093.6366666666668,0.11532458412153009,0.034064163404493294,0.05865542837583971,0.3788649972062668,0.11410597982662467,46
1641765,Olivier-Maxence Prosper,2025-26,23.583846680355922,2.0,983.5916666666667,0.11340329417939177,0.02091023935541014,0.07844163198174604,-0.21864491862627164,0.002701926588943806,47
1631217,Moussa Diabaté,2025-26,24.030116358658454,3.0,1898.9566666666667,0.11336308404092402,0.08133184934020675,0.0376835871139398,0.503572217907487,0.11628753629201269,48
1642269,Devin Carter,2025-26,23.876796714579054,1.0,699.8683333333333,0.11028031074849454,0.04499614355702338,0.07636202483963925,-0.24697369619296142,0.002803700917834989,49
1642857,Kasparas Jakučionis,2025-26,19.679671457905545,0.0,944.6283333333333,0.10950675583486215,0.07899091651898323,0.0832827689008277,-0.2611983540177052,0.025721134601679116,50
1631169,Josh Minott,2025-26,23.186858316221766,3.0,833.7316666666667,0.10625480481465771,0.004983837212166545,0.027412994065741297,-0.018013397865840552,0.005740891247707935,51
1642864,Hugo González,2025-26,19.98904859685147,0.0,1083.93,0.10459206508225066,0.004158769973324283,0.05343500942242633,-0.24612563836175153,0.015286539661754544,52
1642278,Tyler Kolek,2025-26,24.851471594798085,1.0,727.1616666666666,0.10319515548415296,0.024074867571445804,0.0704895399500122,-0.1620899813902058,0.0011550554443785742,53
1642267,Bub Carrington,2025-26,20.53388090349076,1.0,2270.65,0.10167369394547499,0.05559106224588757,0.017034392694602815,-0.5255946091250642,0.004299978164719145,54
1642345,Oso Ighodaro,2025-26,23.55373032169747,1.0,1808.37,0.10106775451249497,0.014639976460942682,0.07079305881246585,-0.042330727602532,0.00953682190974283,55
1631108,Max Christie,2025-26,22.976043805612594,3.0,2244.48,0.09966009886293635,0.05891199000798457,0.06025139261140983,-0.2574139095109407,0.0034767613527790565,56
1642869,Noah Penda,2025-26,21.06776180698152,0.0,757.275,0.09672130206101796,0.004010306153805494,0.055194692806191444,-0.4659940234240915,0.004264965314893308,57
1641706,Brandon Miller,2025-26,23.195071868583163,2.0,1968.3116666666667,0.08959718910854932,0.18180281032999981,0.002441446146004017,0.46573671940035427,0.028723928639161747,58
1642265,Rob Dillingham,2025-26,21.075975359342916,1.0,969.9533333333334,0.08589843339876495,0.004271877911147891,0.0546640524082226,-0.7113831924011839,0.0006684719678662288,59
1631172,Ousmane Dieng,2025-26,22.702258726899384,3.0,1099.4716666666666,0.08473625033156512,0.01018087796914106,0.014044602679245328,-0.5339658838613741,0.0013719623322781599,60
1630700,Dyson Daniels,2025-26,22.88021902806297,3.0,2519.54,0.08364337710825061,0.04859414819881719,0.005144869591544167,0.5420862263862493,0.1035735040557556,61
1642883,Sion James,2025-26,23.16221765913758,0.0,1843.28,0.08324163810166077,0.010345652320216904,0.035034662877584916,-0.3663385557619691,0.0043985351693944545,62
1631121,Bryce McGowens,2025-26,23.23340177960301,3.0,879.9333333333333,0.08261183882583278,0.010752878273974044,0.10010966788239155,-0.39802917347584393,0.0009829595138520853,63
1641730,Noah Clowney,2025-26,21.5523613963039,2.0,1780.0633333333333,0.08063244715125452,0.0251015557341364,0.09048264655580812,-0.37727643353485774,0.0035704702039404197,64
1642853,Rasheer Fleming,2025-26,21.56331279945243,0.0,673.4016666666666,0.07653384833287605,0.0009946437078576461,0.032586953205350204,-0.5504268291838946,0.0012746231125975698,65
1630549,Day'Ron Sharpe,2025-26,24.238193018480494,4.0,1159.915,0.07356217050418823,0.030013578539267054,0.03381395628351607,0.3401825603387463,0.023904389359213494,66
1630611,Gui Santos,2025-26,23.613963039014372,2.0,1395.3633333333332,0.07270949793423545,0.10520463395778308,0.09649372722137478,0.06081791441541945,0.007941985866611974,67
1642879,Ben Saraf,2025-26,19.802874743326488,0.0,916.3183333333334,0.07203725810183022,0.003536778454949987,0.0504459056034618,-0.6946280337313242,0.003410018575589886,68
1630595,Cade Cunningham,2025-26,24.35318275154004,4.0,2171.6716666666666,0.07072005601341308,0.05650705185784147,0.0005381068386242783,1.121468494835698,0.2825937273061787,69
1631107,Nikola Jović,2025-26,22.650239561943874,3.0,808.0183333333333,0.07038543269842677,0.010350425225378813,0.011187684524761323,-0.45960702025661937,0.0008858155703921143,70
1631159,Leonard Miller,2025-26,22.184804928131417,2.0,718.6616666666666,0.07020783412927456,0.021568995682186388,0.01395138735374241,-0.22780776997342359,0.003601825499851577,71
1642383,Walter Clayton Jr.,2025-26,22.910335386721425,0.0,1410.535,0.06868722066595237,0.015860214909270184,0.053755765924464065,-0.5545155969745025,0.001733385294546501,72
1642874,Danny Wolf,2025-26,21.744010951403148,0.0,1187.1616666666666,0.06864050146236694,0.005758600847057075,0.012092138107805326,-0.34236071824345976,0.003982571418847747,73
1641707,Taylor Hendricks,2025-26,22.195756331279945,2.0,1118.465,0.06744683431590594,0.0023554566146840733,0.009548917158403608,-0.46401548744827315,0.0014704595032480209,74
1642450,Daniss Jenkins,2025-26,24.459958932238195,1.0,1455.3,0.06731668068062863,0.030989611303685126,0.03524828472891477,0.057826832944086505,0.0025668287935358006,75
1641764,Brandin Podziemski,2025-26,22.934976043805612,2.0,2332.673333333333,0.0645269757133258,0.04554663368615436,0.08192853069025874,0.3117366155408067,0.04079565572007643,76
1642866,Joan Beringer,2025-26,19.225188227241617,0.0,314.13166666666666,0.063943905705379,0.004946407547549178,0.016462166433561062,-0.0920341778218136,0.04148220157552285,77
1641775,Jordan Walsh,2025-26,21.916495550992472,2.0,1211.97,0.06157854274280559,0.002846189562359834,0.03167432662197122,-0.08114392654033033,0.010802257923937502,78
1631124,Julian Strawther,2025-26,23.79192334017796,2.0,860.6733333333333,0.061241089169807084,0.018925254028904295,0.03771099523827429,-0.37601723389829084,0.0005751945870763621,79
1642363,Nique Clifford,2025-26,23.978097193702943,0.0,1881.925,0.06096407859446428,0.007890224481966584,0.017728136467080723,-0.44914997163514814,0.0014676048503493235,80
1642377,Jaylen Wells,2025-26,22.43668720054757,1.0,1820.6416666666667,0.060133446546612505,0.03439798901507052,0.009269272929756335,-0.32174864615627535,0.0027300776424955325,81
1631095,Jabari Smith Jr.,2025-26,22.72416153319644,3.0,2705.365,0.058732524723032975,0.02039636595256377,0.002722314090060165,0.16871020343240475,0.03386274328495506,82
1642259,Alex Sarr,2025-26,20.76933607118412,1.0,1304.6616666666666,0.05832882902477656,0.0331703593282455,0.002927326829172911,0.18877404797170783,0.026976694600159896,83
1642859,Jase Richardson,2025-26,20.295687885010267,0.0,586.7483333333333,0.05781631231485724,0.011328931495925182,0.03307436386972547,-0.5585567813281428,0.003308252701933286,84
1642914,Javon Small,2025-26,23.121149897330596,0.0,829.9083333333333,0.05508804628920812,0.08335648786953374,0.03214662637646138,-0.01922447303406898,0.01444921323805851,85
1630532,Franz Wagner,2025-26,24.432580424366872,4.0,1019.0033333333333,0.0550767795580415,0.044199447536752465,0.0006308876603477632,0.45119713397158456,0.02089054686295753,86
1642268,Isaiah Collier,2025-26,21.31690622861054,1.0,1516.92,0.05474381034510486,0.07100582686176672,0.016005892892426366,-0.06218232003991686,0.02273441602121361,87
1642843,Cooper Flagg,2025-26,19.11567419575633,0.0,2343.858333333333,0.05302491974033436,0.08681232765066586,0.003482920192475085,0.43585826218049456,0.34941777281698094,88
1642856,Egor Dëmin,2025-26,19.917864476386036,0.0,1308.2083333333333,0.052535261823707845,0.04229538547253736,0.07668164855919746,-0.25190200322274053,0.018014054047248422,89
1631094,Paolo Banchero,2025-26,23.222450376454482,3.0,2501.685,0.0521474708535872,0.029798809526265034,0.00041604167899129816,0.41798865113549927,0.045759640472958295,90
1642962,Drake Powell,2025-26,20.399726214921287,0.0,1319.5133333333333,0.050519810125409945,0.0016204990154381886,0.026527055262068642,-0.860743689805216,0.001610020222577332,91
1630702,Jaden Hardy,2025-26,23.578370978781656,3.0,898.0966666666667,0.05014400173018545,0.013477418166201514,0.004650346459510159,-0.6554374017145498,0.00014754902319793646,92
1642863,Khaman Maluach,2025-26,19.38398357289528,0.0,411.025,0.050034095155399375,0.00032047104234260416,0.0196731870770239,-0.5005846261019563,0.008845462845455508,93
1642277,Johnny Furphy,2025-26,21.149897330595483,1.0,643.0533333333333,0.049859635770995295,0.0011274729556519107,0.013934868383055405,-0.5044921220527274,0.002631748476679775,94
1631106,Tari Eason,2025-26,24.73100616016427,3.0,1549.105,0.04936572508886993,0.0031528984508264464,0.030285289655654402,0.08203196064337819,0.005209455581100212,95
1630224,Jalen Green,2025-26,23.978097193702943,4.0,828.325,0.04806331531408428,0.02466000444773248,0.0033925553985604015,0.11145770358511418,0.004679570509790954,96
1642954,Will Richard,2025-26,23.107460643394933,0.0,1376.805,0.047767895994057404,0.0012347559784899236,0.04868488127165608,-0.3556853667447621,0.0027312388250441736,97
1631230,Dominick Barlow,2025-26,22.688569472963724,3.0,1688.5183333333334,0.04588022984911064,0.012551140443230965,0.05206975816021711,-0.10469792936901345,0.009799375468704116,98
1642272,Jared McCain,2025-26,21.949349760438057,1.0,1159.6666666666667,0.04558636849790556,0.0409402508806622,0.02422532608152806,-0.31132538621969985,0.001382867584373815,99
1641767,Ben Sheppard,2025-26,24.54757015742642,2.0,1390.4766666666667,0.04342287194403077,0.004382082198078616,0.02047360327999595,-0.4991187189475017,0.000547249412817277,100
1630543,Isaiah Jackson,2025-26,24.060232717316907,4.0,908.3116666666666,0.042444267303764244,0.0047316218685543995,0.01606584808233906,0.08189093927517317,0.009627243074071685,101
1642276,Kel'el Ware,2025-26,21.78507871321013,1.0,1703.8216666666667,0.04219697412761157,0.02872964232427031,0.020519760912918742,0.35126532708269703,0.04222843015867799,102
1642876,Adou Thiero,2025-26,21.73579739904175,0.0,148.90333333333334,0.04105807530796094,0.00036562441562977083,0.016014788121091465,-1.0356508137007225,0.00039673811236184866,103
1630228,Jonathan Kuminga,2025-26,23.32375085557837,4.0,830.4966666666667,0.040894572861743604,0.008641632097340942,0.003823783630949396,0.14999698172559653,0.008894711843124454,104
1642948,Ryan Nembhard,2025-26,22.899383983572896,0.0,1170.88,0.040707849085976015,0.01400725422861836,0.025624447955261788,-0.33547383645715234,0.0026326834030324345,105
1630578,Alperen Sengun,2025-26,23.523613963039015,4.0,2397.695,0.04065075012961735,0.10387110844876293,0.0005680572470999096,0.6809027698989641,0.12377161336651968,106
1630567,Scottie Barnes,2025-26,24.503764544832308,4.0,2680.7766666666666,0.03988587659751631,0.029593823601491636,0.00043341748710126044,0.7787331558914525,0.09406718863895631,107
1630596,Evan Mobley,2025-26,24.62422997946612,4.0,2074.2883333333334,0.039209843321632694,0.12455854837216936,0.012621621064037638,0.7129495403884117,0.09821974739296012,108
1642346,Ryan Dunn,2025-26,23.069130732375086,1.0,1355.245,0.03905509451378255,0.01567079140135914,0.005134907890481192,-0.1422764944184924,0.0026552952799425507,109
1641737,Adem Bona,2025-26,22.850102669404517,1.0,1234.1616666666666,0.03786785595191245,0.0018790039419643969,0.03181682368514218,-0.40035642531044296,0.003804101192436254,110
1631119,Jaylin Williams,2025-26,23.59479808350445,3.0,1277.375,0.037008737183104067,0.011603088506536706,0.09422715953596796,0.21815757500391753,0.012798082808238851,111
1642258,Zaccharie Risacher,2025-26,20.8186173853525,1.0,1503.2533333333333,0.036832771772627254,0.018707944217494207,0.04144724393090738,-0.1813616853673614,0.006245842812987445,112
1642266,Ja'Kobe Walter,2025-26,21.409993155373034,1.0,1473.575,0.03604902497485293,0.008894125050112472,0.07653797428789688,-0.14779807064830852,0.005988976262599154,113
1642942,Jahmai Mashack,2025-26,23.227926078028748,0.0,673.1516666666666,0.03582361177072464,0.0006191697096986314,0.02523155917451873,-0.8360613497064997,0.0002948656923465488,114
1642949,Yanic Konan Niederhäuser,2025-26,22.888432580424368,0.0,423.67833333333334,0.03514367065195314,0.0008742573723705724,0.011650508552646646,-0.20972687164398618,0.009790916248006959,115
1631321,Sidy Cissoko,2025-26,21.83436002737851,2.0,1435.055,0.03409089098060356,0.000662133679791962,0.0217214459446286,-0.6965582147971375,0.0008463717313606092,116
1641783,Tristan da Silva,2025-26,24.71731690622861,1.0,1899.4566666666667,0.03397906503229702,0.041206520404394195,0.026349103575404837,-0.11826512431299117,0.0024639571487907923,117
1631096,Chet Holmgren,2025-26,23.756331279945243,2.0,1997.2683333333334,0.03377389337942046,0.05695657419824124,0.01345626288496093,0.9375167004601986,0.25058289289702623,118
1642920,Kobe Sanders,2025-26,23.67693360711841,0.0,1351.4166666666667,0.030736076936556153,0.012528387577069297,0.023354506130382608,-0.4921201894417866,0.0011104983672132647,119
1631207,Dalen Terry,2025-26,23.55920602327173,3.0,551.0266666666666,0.029865781116118307,0.0010086974002990823,0.009859294226018991,-0.3962864346470507,0.0008723280057991495,120
1642358,AJ Johnson,2025-26,21.169062286105408,1.0,453.43333333333334,0.0295482914419771,0.0017443397701558602,0.003868792763495534,-1.0234454715025674,0.00013982095712572232,121
1641712,Rayan Rupert,2025-26,21.672826830937716,2.0,1072.545,0.02952364558504403,0.0005228233139859655,0.004902474766349611,-0.7919625546853878,0.0004388678879459249,122
1630577,Julian Champagnie,2025-26,24.594113620807665,3.0,2265.963333333333,0.029270792083641015,0.014623868992673103,0.021926665238916083,0.2670632195776902,0.00911741149313723,123
1641715,Cam Whitmore,2025-26,21.568788501026695,2.0,353.98333333333335,0.029270537473400363,0.005124785238310815,0.0008314728853083002,-0.6481780922034892,0.0005737733305910621,124
1630536,Sharife Cooper,2025-26,24.643394934976044,1.0,699.9983333333333,0.02828426504819261,0.008960404723810813,0.0071433458473690635,-0.4696057189399521,0.000430141135392821,125
1630191,Isaiah Stewart,2025-26,24.698151950718685,5.0,1317.135,0.026764967216622436,0.0033118718153622552,0.0010519087643793357,0.015613912362920743,0.007673777788565977,126
1641774,Tristan Vukcevic,2025-26,22.89664613278576,2.0,670.98,0.026375651022673696,0.011957946951198872,0.0015298949003462099,-0.40059795906744305,0.0005577299211574183,127
1630163,LaMelo Ball,2025-26,24.44626967830253,5.0,2017.4466666666667,0.026330973480537322,0.05501563644690903,0.0018435034360513827,0.7430263680089165,0.029431934496035067,128
1630162,Anthony Edwards,2025-26,24.49281314168378,5.0,2136.5933333333332,0.02580271046965788,0.014486479527039303,0.0006669786073969309,0.7562222054681506,0.09268325947862244,129
1630544,Tre Mann,2025-26,24.993839835728952,4.0,668.4583333333334,0.025563449900515605,0.008104912649957424,0.009211973124644486,-0.7102335756839585,5.5513465716625687e-05,130
1642950,Lachlan Olbrich,2025-26,22.091718001368925,0.0,344.2216666666667,0.025560411775041363,0.0002503608033116707,0.003313545187141229,-0.3314577147488421,0.005638652704701934,131
1630703,Scoot Henderson,2025-26,21.9958932238193,2.0,747.83,0.024823908095130957,0.04960288435825716,0.010280535531687908,0.036045025780985666,0.014395328957034161,132
1642875,Maxime Raynaud,2025-26,22.822724161533195,0.0,1963.88,0.02336899634109822,0.03369189820643197,0.0173343826121897,-0.3083582134929678,0.004055009193234722,133
1642880,Kam Jones,2025-26,23.93429158110883,0.0,616.325,0.02288551961725985,0.0012649737602393476,0.016208295665156375,-0.7529797383065135,0.0003597828677658692,134
1642885,Mohamed Diawara,2025-26,20.761122518822724,0.0,634.1516666666666,0.022366525265140907,0.0017183745165135949,0.015488250659558013,-0.5611295504202226,0.0012638556892032105,135
1642905,Yang Hansen,2025-26,20.602327173169062,0.0,299.8933333333333,0.021877010026876094,0.00026352975425320815,0.0021617202230880075,-1.6811516101401371,2.1372024793043288e-05,136
1642274,Yves Missi,2025-26,21.71937029431896,1.0,1297.0366666666666,0.02176648479319178,0.0017910714233034298,0.006714792886966802,-0.199149623176647,0.008232062915244625,137
1630541,Moses Moody,2025-26,23.67419575633128,4.0,1539.8983333333333,0.02111424333452075,0.018785836309847273,0.07294808179160235,0.081086789445601,0.008298686918545859,138
1643060,Hayden Gray,2025-26,22.729637234770706,0.0,24.75,0.021112143742617502,0.00041253938420806295,0.09715816513609773,-1.3011948860736393,0.0008713496234053369,139
1630560,Cam Thomas,2025-26,24.303901437371664,,880.5266666666666,0.020844347546756903,0.015481597054769357,0.007585649869332695,-0.5752773965308178,0.00017452586441832221,140
1641711,Gradey Dick,2025-26,22.20123203285421,2.0,1066.6883333333333,0.020592413038377087,0.01224246369555394,0.05019139261512341,-0.3911475851814908,0.0006505320657041861,141
1642854,Asa Newell,2025-26,20.32580424366872,0.0,499.90833333333336,0.020168051376560494,0.007341227441633169,0.014600961332918442,-0.49448598561944207,0.0036382687300709243,142
1642275,Tidjane Salaün,2025-26,20.479123887748116,1.0,575.38,0.019984936117693874,0.0004976079079277078,0.01674800571551556,-0.22039404712286714,0.006306664710083699,143
1631093,Jaden Ivey,2025-26,23.967145790554415,,670.255,0.019789674253029906,0.013660300377182447,0.04271595125746784,-0.14112653516310722,0.0010173725620838323,144
1642355,Bronny James,2025-26,21.322381930184804,1.0,375.4916666666667,0.019736070073221295,0.0004697615885328759,0.011473814991514144,-0.8713773606188108,0.00012990055578973863,145
1643024,Chris Mañon,2025-26,24.147843942505133,0.0,46.085,0.019623319469841714,0.00021485693821485694,0.01871412972476792,-0.3717712410271911,0.004318734945180489,146
1631113,Kennedy Chandler,2025-26,23.0,,355.2266666666667,0.01896834741287236,0.015716840168015028,0.002595555977631105,-0.13933793883499443,0.01781512622859685,147
1642878,Tyrese Proctor,2025-26,21.83709787816564,0.0,545.0866666666667,0.018860514794048343,0.0029276632259379724,0.022627405416485485,-0.4260729965904872,0.0016669597595405923,148
1642862,Liam McNeeley,2025-26,20.31211498973306,0.0,367.52166666666665,0.018842307864430273,0.0024905729544121066,0.00918211296072707,-0.4418641994339287,0.00659792165251766,149
1642884,Vladislav Goldin,2025-26,24.725530458590008,0.0,23.961666666666666,0.018211538899127782,0.0001222025145193826,0.004652691479818147,-0.20089491272397675,0.0014559418014885302,150
1631133,Jabari Walker,2025-26,23.509924709103355,3.0,761.6683333333333,0.017871200853821666,0.0013579562984622178,0.002342362797333001,-0.4169919958653571,0.00091120152320632,151
1630619,Moussa Cisse,2025-26,23.394934976043807,0.0,529.58,0.01761944150470153,0.00015638725871942424,0.013057387491236498,-0.1015869976651564,0.013174619721389674,152
1630533,Ziaire Williams,2025-26,24.38877481177276,4.0,1281.2666666666667,0.01748024318513629,0.004277461891332821,0.022366210877152858,-0.28723310860084145,0.001406478232932058,153
1642855,Noa Essengue,2025-26,19.123887748117728,0.0,6.033333333333333,0.017366465972045303,0.000676813870969604,0.00819111853437355,-1.8161638584493973,9.049723455768107e-06,154
1642955,Kadary Richmond,2025-26,24.0,,66.8,0.017341894538076105,0.0012750848187786854,0.026390535028621813,0.4014317659800993,0.06116314262945517,155
1641750,Ryan Kalkbrenner,2025-26,24.041067761806982,0.0,1479.1316666666667,0.016730379532861696,0.0009921406555032273,0.018920126558280674,0.008034591398237109,0.025073478641701542,156
1630551,Justin Champagnie,2025-26,24.594113620807665,4.0,1377.4533333333334,0.016566437958879014,0.004573918101988947,0.0009791448760281033,0.030564145672072978,0.003491855805601035,157
1631243,Mouhamed Gueye,2025-26,23.23066392881588,2.0,1178.8366666666666,0.016457718336123063,0.0018527691288700643,0.00619219857760861,-0.24848529927342655,0.001651600426757087,158
1641890,Tyler Smith,2025-26,21.248459958932237,1.0,165.58333333333334,0.016136661273694626,0.00021593500262865126,0.0037648597302500876,-0.7367582021314608,0.0005181846769230627,159
1642260,Nikola Topić,2025-26,20.479123887748116,0.0,160.08333333333334,0.016062431663385782,0.0009176070782255252,0.01595912706881674,-0.7520075603626343,0.0011665958572821503,160
1642877,Micah Peavy,2025-26,24.54757015742642,0.0,912.935,0.015172973129241641,0.003009324458297523,0.013773706572470425,-0.7311158535865415,0.0002364546421766977,161
1642364,Jamir Watkins,2025-26,24.57494866529774,0.0,1032.1766666666667,0.014988646093515152,0.0028814107673748586,0.02958701094872152,-0.2642544915712562,0.002640041713246559,162
1642348,Justin Edwards,2025-26,22.130047912388775,1.0,977.0183333333333,0.014924417341893191,0.005471023557553497,0.0032581772382427867,-0.4706415414472879,0.0006247228228245134,163
1641748,Andre Jackson Jr.,2025-26,24.21902806297057,2.0,408.10833333333335,0.014140546223484972,0.0008782766472644636,0.010772616265226544,-0.8688967804435666,8.945660237108153e-05,164
1641726,Dereck Lively II,2025-26,21.971252566735114,2.0,115.27333333333333,0.014008938467739592,0.0007723413012079296,0.003590654390434521,0.07214921669247569,0.03623991255059345,165
1631109,Mark Williams,2025-26,24.128678986995208,3.0,1416.05,0.013885368260385209,0.004308973733929036,0.007640597258555899,0.33252697477885557,0.024651792378036805,166
1643257,Jayson Kent,2025-26,23.994524298425734,0.0,22.466666666666665,0.013488230600083227,0.0002929541248082103,0.0303296067353325,0.3105821112328156,0.01235352690096878,167
1641733,Nick Smith Jr.,2025-26,21.790554414784395,2.0,374.87666666666667,0.012818028722841,0.007193253056180833,0.0085282638481225,-0.6781953252879873,0.000320120797990277,168
1641740,Jaylen Clark,2025-26,24.303901437371664,1.0,887.7033333333334,0.012784769830024712,0.001667344624802458,0.004309753556702913,-0.4608576621082549,0.000656764080047625,169
1642911,Rocco Zikarsky,2025-26,19.561943874058862,0.0,36.483333333333334,0.012782102099425536,0.0011132976058749653,0.013632479538081211,-0.2099113769611065,0.019953862591485252,170
1641722,Jordan Hawkins,2025-26,23.761806981519506,2.0,691.975,0.012424474424603135,0.0015473242383516753,0.009344428277850534,-0.9685683337798937,3.565340499452122e-05,171
1642933,Keshon Gilbert,2025-26,22.5927446954141,0.0,73.78333333333333,0.01221481535424857,0.00027622663850021924,0.01219518456327475,-1.1108772762169545,0.0004934574338056449,172
1631126,Caleb Love,2025-26,24.347707049965777,0.0,1012.6083333333333,0.012064231640922763,0.002086027991587969,0.0064174142451798016,-0.4272910824934522,0.00047609666019658774,173
1642400,Tristan Enaruna,2025-26,24.602327173169062,0.0,85.13333333333334,0.011349235705179237,0.001667653025519584,0.0064367326079453726,0.1752156062259486,0.006891313135257411,174
1631117,Walker Kessler,2025-26,24.520191649555098,3.0,153.98,0.011077681168977782,0.0028155988824244645,0.0022457153881551544,0.5594518932829887,0.13624392915742686,175
1641727,Dariq Whitehead,2025-26,21.503080082135522,,182.81666666666666,0.010902216243287022,0.012665844900422787,0.02319694931241241,-0.6875873426326585,0.0008279411887719811,176
1631111,Wendell Moore Jr.,2025-26,24.372347707049965,3.0,59.555,0.010852707054307803,0.0005739221836606877,0.004310295604169556,-0.18868953534031427,0.002448696995502129,177
1642354,KJ Simpson,2025-26,23.485284052019164,1.0,257.61,0.010577584118145193,0.002427899742791194,0.007330126186739512,-0.4593425789713132,0.0004297598163169415,178
1642353,Cam Christie,2025-26,20.525667351129364,1.0,479.75,0.010542309962232162,0.0002816745261501459,0.009963295098144663,-0.6688816529064638,0.0006338353114347205,179
1641744,Zach Edey,2025-26,23.720739219712527,1.0,283.8516666666667,0.010475957741706888,0.002708652784123585,0.010819128969189311,0.7528649978561436,0.14155074109244667,180
1643016,Bez Mbeng,2025-26,22.754277891854894,0.0,492.185,0.010305698221479254,0.0005005937547498371,0.013578043396019295,-0.27886739497105745,0.010467096545460271,181
1641780,Johni Broome,2025-26,23.540041067761805,0.0,54.76166666666666,0.010146543655677782,0.0007704020588829588,0.0011532862954144677,-0.8180724288530273,0.00019606301873061752,182
1642918,Alijah Martin,2025-26,24.10130047912389,0.0,145.615,0.010023431923793411,0.0018266766955882421,0.008118496011354663,-0.601197805260228,0.0003810589615774735,183
1631110,Jeremy Sochan,2025-26,22.704996577686515,3.0,468.5516666666667,0.00999484784889337,0.0009539741268791616,0.0018327304710929876,-0.4457532108932702,0.0006022250371727628,184
1641747,DaRon Holmes II,2025-26,23.46611909650924,0.0,209.51,0.009801991671769487,0.0013106493014967348,0.005885307022585651,-0.6218012666337162,0.00038883383251341123,185
1642873,Amari Williams,2025-26,24.01095140314853,0.0,145.72333333333333,0.008994086932343147,0.0001713808181441075,0.0041298568299447235,-0.9917275423835941,0.0002764780633551215,186
1642959,Chris Youngblood,2025-26,23.978097193702943,0.0,185.09166666666667,0.008921222291427859,0.00022193615184727827,0.004749326296885975,-0.5120936506456273,0.00028360563707310703,187
1631103,Malaki Branham,2025-26,22.72689938398357,,275.47833333333335,0.008820871776694102,0.005083187755556274,0.0032660307189502752,-0.45527654836991266,0.0006642675161658691,188
1631104,Blake Wesley,2025-26,22.882956878850102,3.0,360.8183333333333,0.0085849740525772,0.0019686827962101553,0.0026706197835579815,-0.5848944541529999,0.0007534344802821528,189
1643047,CJ Huntley,2025-26,24.071184120465436,0.0,40.4,0.008392920338446753,0.00040500613087095905,0.0009793888443275758,-0.4190025486375107,0.0005945367073320009,190
1642886,Koby Brea,2025-26,23.238877481177276,0.0,83.86666666666666,0.008068936192432303,0.0024753515479531483,0.005872416753248451,-0.5070170286427064,0.0004107844072114502,191
1641724,Jett Howard,2025-26,22.38466803559206,2.0,695.32,0.007971502587951353,0.0016266807026907245,0.013238425026944417,-0.6741009467083109,0.0002966434690311173,192
1642359,Pacôme Dadiet,2025-26,20.517453798767967,1.0,135.76,0.007727567361273654,0.0004752610000052165,0.0034996292946083947,-0.4849521406359525,0.0010035980239740104,193
1641763,Julian Phillips,2025-26,22.24229979466119,2.0,427.01666666666665,0.007677438487608704,0.0007213963645036024,0.003914613119562067,-0.7287465418684059,0.0003046996149581832,194
1642367,Jonathan Mogbo,2025-26,24.26009582477755,1.0,248.89666666666668,0.007627250125911381,0.0002441265222988202,0.0019103663941283837,-0.49963456120881017,0.00029166463388703793,195
1631127,Harrison Ingram,2025-26,23.1813826146475,1.0,26.116666666666667,0.007394014052919857,0.00034206292512647214,0.004834463826559029,-1.1537459784918969,3.4727558366499624e-05,196
1643052,Chaney Johnson,2025-26,23.619438740588638,0.0,347.5833333333333,0.0073755775663672096,0.0014379401182080657,0.005744122521499292,-0.027966052174640283,0.012144016069177997,197
1630172,Patrick Williams,2025-26,24.435318275154003,5.0,1473.78,0.007255128799532803,0.002036139183002398,0.0033946599335838703,-0.7191828617826412,0.0001924350760373017,198
1642066,Myron Gardner,2025-26,24.700889801505816,0.0,410.505,0.007006573082226585,0.0020354212237368536,0.0026788130280694634,0.10589044722521883,0.006135317259127003,199
1631120,JD Davison,2025-26,23.33196440793977,3.0,218.41666666666666,0.006744526435698832,0.0006398930146726816,0.002373980440685062,-0.31987976097431164,0.0006241108800198004,200
1631116,Patrick Baldwin Jr.,2025-26,23.20602327173169,3.0,102.47166666666666,0.006312657056620048,0.00013584095598750715,0.0003155324214419423,-0.8893661474195372,0.00023264052863818555,201
1641725,Trey Alexander,2025-26,22.754277891854894,1.0,110.64333333333333,0.006224464037635608,0.0019040688149277408,0.021661773491225417,-0.5379161018535757,0.00039614006139707835,202
1643133,Lawson Lovering,2025-26,23.0,,49.265,0.006048684035250552,0.00022670629986444544,0.005070927007256825,-0.056984435820081815,0.027035366106262285,203
1631255,Karlo Matković,2025-26,24.843258042436688,1.0,911.7566666666667,0.006002315543942833,0.0016829948836984574,0.002643469679886624,-0.10564599593761999,0.0012345109775000172,204
1642261,Dalton Knecht,2025-26,24.788501026694046,1.0,552.9283333333333,0.0057466844726231,0.0011316709803444712,0.0024648058038538845,-0.7842382275408394,5.522593966120332e-05,205
1642967,John Poulakidas,2025-26,22.830937713894592,0.0,253.435,0.005574469109140683,0.001479389671282188,0.007788724987942519,-0.31320706103896556,0.0018509594682745009,206
1630548,Johnny Juzang,2025-26,24.878850102669404,,87.69833333333334,0.005194869723323212,0.0017979746195902024,0.0004440289819662888,-0.7031151557463206,6.207321360987779e-05,207
1631223,David Roddy,2025-26,24.851471594798085,3.0,73.01666666666667,0.005136449996732499,0.0010900218668203957,0.0017349554755270178,0.21470202190256318,0.008266135427308342,208
1642882,Julian Reese,2025-26,22.5927446954141,0.0,401.5,0.00497367042125202,0.0010261022763351961,0.004943652764558644,-0.0431763758932597,0.019154702401773426,209
1630165,Killian Hayes,2025-26,24.517453798767967,5.0,405.52666666666664,0.004949970456378399,0.0014454440313960146,0.006562141851559677,-0.3663801032935621,0.001054399163404746,210
1631247,Luke Travers,2025-26,24.413415468856947,,103.09166666666667,0.004796759169223755,0.0011007557890302475,0.003961984998922935,-0.39677128593507094,0.00039862262161919704,211
1642938,Curtis Jones,2025-26,24.32854209445585,0.0,87.71666666666667,0.004724861602961866,0.000863140145701429,0.003126806967400557,-0.27804413500751174,0.001038033004431492,212
1642352,Keshad Johnson,2025-26,24.61054072553046,1.0,279.52166666666665,0.004723256493827043,0.0005080451035476255,0.022462637653329003,-0.1410354994658498,0.0014141087183455565,213
1642404,Chaz Lanier,2025-26,24.12046543463381,0.0,262.005,0.004680505342400994,0.00026239028879304583,0.0031773371872559695,-0.7722837361729417,0.00012254055251875116,214
1641761,Grant Nelson,2025-26,24.0,,35.01,0.00435652032842278,0.0012263649296370078,0.0030547078923654014,-0.5698932926934016,0.0007941538623872345,215
1642357,David Jones Garcia,2025-26,24.188911704312115,0.0,67.975,0.004233649316267738,0.0021184636792731188,0.01290291027130405,0.6094372583281398,0.0645863053878486,216
1642368,N'Faly Dante,2025-26,24.28747433264887,,15.416666666666666,0.004207673906680354,0.00026020388816322957,0.0010431021271601023,0.048663254285436976,0.001566583173962471,217
1642389,Zyon Pullin,2025-26,24.917180013689254,1.0,42.583333333333336,0.004175610722384017,0.0021990314189825723,0.0008969406877576049,-0.4644617980663592,0.000193248892895278,218
1642964,Brooks Barnhizer,2025-26,23.920602327173167,0.0,347.88166666666666,0.004081095093114568,0.000590771698957554,0.00784811615947973,-0.9282766471913098,0.00017469594856752153,219
1641803,Tristen Newton,2025-26,24.76933607118412,1.0,12.0,0.004075934290058832,0.0009218735568854098,0.001600110057963605,0.5271591563459997,0.003608836659874006,220
1641790,PJ Hall,2025-26,23.94524298425736,1.0,213.37833333333333,0.00401295150737544,0.00035663718848514593,0.0008898731630468121,-0.34200271095846085,0.001451620645334067,221
1641807,Norchad Omier,2025-26,24.42984257357974,0.0,23.666666666666668,0.0036050274715883775,0.0012722410445301642,0.002784089107248951,-0.1853748674129463,0.0011219906008889762,222
1642928,Dylan Cardwell,2025-26,24.128678986995208,0.0,906.5383333333333,0.003597083621339677,0.00014177273897687337,0.015343225743462077,0.06319601226360744,0.015281688547191695,223
1631211,Trevor Keels,2025-26,22.43668720054757,1.0,14.946666666666667,0.003571412589172477,0.0009952478406731408,0.009085903176527813,-0.39360030506821425,0.00020518748344465032,224
1643158,Andersson Garcia,2025-26,25.0,,168.75,0.003371833869572585,0.00026940113267631883,0.0076551380084637225,-0.20176113875031074,0.007130811740673287,225
1641794,Dillon Jones,2025-26,24.26009582477755,1.0,39.388333333333335,0.0032575659085211746,0.0012791714682513652,0.000250158165498087,-0.3010572907108982,0.0016734405622191183,226
1643141,Jahmyl Telfort,2025-26,25.0,,32.03333333333333,0.003244710882877456,0.00014371497271234275,0.0006530026052715254,-1.5448834957610986,2.0309127428389213e-05,227
1642917,Max Shulga,2025-26,23.60574948665298,0.0,36.275,0.003243104479929334,9.058126326958115e-05,0.0024074884781733327,-1.3464187831893881,1.6486661573798187e-05,228
1641723,Kobe Bufkin,2025-26,22.365503080082135,,119.48333333333333,0.0032120236124976147,0.0016784352045191122,0.001308068283921731,-1.3698550505025455,2.008182658431443e-05,229
1642939,Miles Kelly,2025-26,23.0,,133.72333333333333,0.003083477356015402,0.000181471505845614,0.0020504794263028403,-0.637035616698065,0.00032246986594384845,230
1641813,Mark Sears,2025-26,24.0,,26.081666666666667,0.0029957988967202185,0.0007779969918215198,0.001243539575086165,-0.4318988833272015,0.0003043220729955792,231
1642910,John Tonje,2025-26,24.777549623545518,0.0,41.89833333333333,0.002978841336836659,0.0001949929854112023,0.006995362154443338,-0.5425976898473736,0.00024896167659914186,232
1643007,Taelon Peter,2025-26,23.928815879534564,0.0,492.23,0.002977390600895689,0.00020263103030318422,0.003914053892179695,-0.7471628279697562,0.000167160332525442,233
1642935,Chucky Hepburn,2025-26,22.978781656399725,0.0,13.233333333333333,0.0028758271794577872,0.0004843299082575338,0.003282977104014529,-1.4168276164456792,5.2363515829829e-06,234
1642380,Adama Bal,2025-26,22.0,,241.315,0.002862963428390265,0.000983011460249611,0.004174394912584857,-0.6855520490810307,0.0015459329459892516,235
1642461,Spencer Jones,2025-26,24.635181382614647,1.0,1416.79,0.002799512970904351,0.0013577277524015302,0.0021064806930407164,-0.3779232841354228,0.0008890496163128744,236
1641753,Chris Livingston,2025-26,22.299794661190965,,17.426666666666666,0.0027282272879453756,0.0009726266586517877,0.0022999415477105126,0.3413013125180106,0.013836197662148046,237
1643018,LJ Cryer,2025-26,24.314852840520192,0.0,292.14666666666665,0.002717410803346952,0.0012809777749980221,0.0023700885359966262,-0.5443231884402534,0.0003588777456793762,238
1642280,Trentyn Flowers,2025-26,20.903490759753595,,5.55,0.002574978207335459,0.0012739150642658709,0.0014079905689672228,-0.38059440895126156,0.0005740911067733995,239
1631102,TyTy Washington Jr.,2025-26,24.213552361396303,3.0,88.12833333333333,0.002391839835391331,0.0007525714497665437,0.0038205580134531535,-0.6590626230654415,9.436799140002974e-05,240
1630574,Ariel Hukporti,2025-26,23.808350444900753,1.0,497.96166666666664,0.0023533761529648824,8.528928328797717e-05,0.0012975106705952941,-0.546329832805614,0.00044002997318095963,241
1641732,Colby Jones,2025-26,23.682409308692677,,6.816666666666666,0.002285368801065537,0.0010879765199070422,0.0017949071643110636,0.8215881511883191,0.05841004795601808,242
1642384,Isaiah Crawford,2025-26,24.251882272416154,1.0,92.1,0.0021966231999781824,0.00010063801015833642,0.0008176006795499967,-0.6423584909963248,0.00017053353039767966,243
1630828,Alex Antetokounmpo,2025-26,24.432580424366872,0.0,20.638333333333332,0.002169585316272716,0.0005299974354658582,0.00047508797691127525,0.46784485480317234,0.05171398382246291,244
1642362,Payton Sandfort,2025-26,23.55920602327173,0.0,63.333333333333336,0.0019735611949010003,0.0007652049934502625,0.0013678936357017365,-0.7624957984350997,0.000167356602224563,245
1643253,Toby Okani,2025-26,24.0,,217.09,0.0016440225971203828,0.0003066136557859317,0.0006909444975195066,-0.942255265471529,0.00023443663839733814,246
1642484,RayJ Dennis,2025-26,24.843258042436688,1.0,206.23333333333332,0.001586117871674788,0.0015632166635901384,0.0006492231955146246,-0.8118807274535831,5.333204186131056e-05,247
1642419,Jamison Battle,2025-26,24.73100616016427,1.0,516.7783333333333,0.0015427960884413445,0.00047066601179401293,0.000789802928508576,-0.5182174615658452,0.00011471316798525555,248
1642951,Sean Pedulla,2025-26,23.312799452429843,0.0,31.0,0.0015185515017457985,0.0008012821554990669,0.0005033459933336621,-1.002774237095057,2.9387525532045068e-05,249
1641755,Kevin McCullar Jr.,2025-26,24.88432580424367,1.0,154.99333333333334,0.0015138732893715005,0.0001731252771984173,0.00024166911076381063,-0.7203076412239614,9.880102202056243e-05,250
1631216,Caleb Houstan,2025-26,23.06365503080082,,75.46666666666667,0.0014237799348173843,0.0008928586840776907,0.0033072142986743693,-0.40520153157043515,0.0003591693944745173,251
1641787,Tosan Evbuomwan,2025-26,24.958247775496236,2.0,7.713333333333333,0.0013954931597181276,0.00012537242156334408,0.0005187413695633836,-1.4959460820103343,1.324747942854812e-06,252
1642530,Yuki Kawamura,2025-26,24.752908966461327,1.0,209.02,0.0012774855952174902,0.0005010769538550194,0.0013807009999202808,-0.4802372285739507,0.00030559825008744335,253
1641752,Bobi Klintman,2025-26,22.910335386721425,,71.38333333333334,0.001271522250141183,0.00019248469475310382,0.0011222663652522774,-0.7099286742623331,0.00023664107790937578,254
1642282,Hunter Sallis,2025-26,23.0,,25.673333333333332,0.0012291115617432586,0.00038915237876042084,0.0036968443232989682,-1.5213445052981092,2.4979211255920457e-05,255
1630164,James Wiseman,2025-26,24.840520191649556,,58.461666666666666,0.0012170245775254779,0.00022615558758516368,0.0010367827793993977,-1.2217471510530997,6.922401601179206e-06,256
