test_season,model,player_id,player_name,season,score,outcome,n_train,rank,team_abbreviation,age,exp,min_per_game,ppg,star_score,team_next,mpg_next,ppg_next,breakout_scoring,breakout_role,breakout_production,breakout_types,status,season_label,outcome_label
2014,boosted trees,203507,Giannis Antetokounmpo,2014-15,0.7087960003556674,1,536,1,MIL,20.15605749486653,1.0,31.36530864197531,12.716049382716049,0.3518632518850775,MIL,35.29266666666667,16.875,True,True,False,"scoring, role",hit,2014-15,2015-16
2014,boosted trees,203110,Draymond Green,2014-15,0.44533768383265526,1,536,2,GSW,24.914442162902123,2.0,31.518881856540087,11.658227848101266,0.8299756642040902,GSW,34.66664609053498,13.962962962962964,False,True,True,"role, production",hit,2014-15,2015-16
2014,boosted trees,203482,Kelly Olynyk,2014-15,0.4436687996860031,0,536,3,BOS,23.789185489390828,1.0,22.241354166666667,10.25,0.22206583922223677,BOS,20.215169082125602,9.956521739130435,False,False,False,,miss,2014-15,2015-16
2014,boosted trees,203114,Khris Middleton,2014-15,0.4323843163964563,1,536,4,MIL,23.474332648870636,2.0,30.10276371308017,13.354430379746836,0.5392650942556975,MIL,36.10126582278481,18.151898734177216,True,True,False,"scoring, role",hit,2014-15,2015-16
2014,boosted trees,203935,Marcus Smart,2014-15,0.2880695060042524,0,536,5,BOS,20.908966461327857,0.0,26.988457711442788,7.8059701492537314,-0.04351138431840618,BOS,27.32467213114754,9.147540983606557,False,False,False,,miss,2014-15,2015-16
2014,boosted trees,203100,Tony Wroten,2014-15,0.2799170737955272,0,536,6,PHI,21.804243668720055,2.0,29.819000000000003,16.9,0.09234450204883309,NYK,18.0375,8.375,False,False,False,,miss,2014-15,2015-16
2014,boosted trees,203468,CJ McCollum,2014-15,0.25668134197484593,1,536,7,POR,23.370294318959616,1.0,15.69513440860215,6.838709677419355,-0.18704117190776415,POR,34.74702083333334,20.825,True,True,True,"scoring, role, production",hit,2014-15,2015-16
2014,boosted trees,202326,DeMarcus Cousins,2014-15,0.2536618214612875,1,536,8,SAC,24.470910335386723,4.0,34.12172316384181,24.084745762711865,1.0906654176960604,SAC,34.551307692307695,26.892307692307693,True,False,False,scoring,hit,2014-15,2015-16
2014,boosted trees,203897,Zach LaVine,2014-15,0.25223337652833744,0,536,9,MIN,19.89869952087611,0.0,24.69768398268398,10.103896103896103,-0.49987884283824396,MIN,27.969308943089427,14.024390243902438,False,False,False,,miss,2014-15,2015-16
2014,boosted trees,202696,Nikola Vučević,2014-15,0.2403671359018164,0,536,10,ORL,24.27378507871321,3.0,34.171126126126126,19.2972972972973,0.5004290167250885,ORL,31.33571794871795,18.16923076923077,False,False,False,,miss,2014-15,2015-16
2014,boosted trees,202330,Gordon Hayward,2014-15,0.23653865406144636,0,536,11,UTA,24.862422997946613,4.0,34.44092105263158,19.25,0.6622921241192171,UTA,36.16195833333333,19.725,False,False,False,,miss,2014-15,2015-16
2014,boosted trees,203078,Bradley Beal,2014-15,0.22823866422114497,0,536,12,WAS,21.596167008898014,2.0,33.45137566137566,15.26984126984127,0.28301951889288757,WAS,31.058999999999997,17.418181818181818,False,False,False,,miss,2014-15,2015-16
2014,boosted trees,203498,Shabazz Muhammad,2014-15,0.20127363387845737,0,536,13,MIN,22.217659137577,1.0,22.779561403508772,13.473684210526315,0.020216243574347464,MIN,20.51201219512195,10.524390243902438,False,False,False,,miss,2014-15,2015-16
2014,boosted trees,202692,Alec Burks,2014-15,0.19604785738884128,0,536,14,UTA,23.537303216974674,3.0,33.29895061728395,13.851851851851851,-0.1594235702790979,UTA,25.718494623655914,13.290322580645162,False,False,False,,miss,2014-15,2015-16
2014,boosted trees,203076,Anthony Davis,2014-15,0.18482078829412518,0,536,15,NOP,21.894592744695416,2.0,36.098455882352944,24.352941176470587,1.4885293936520385,NOP,35.479672131147545,24.278688524590162,False,False,False,,miss,2014-15,2015-16
2014,boosted trees,203501,Tim Hardaway Jr.,2014-15,0.16671233706581567,0,536,16,NYK,22.88021902806297,1.0,24.018047619047618,11.485714285714286,-0.43328177299295056,ATL,16.943333333333335,6.392156862745098,False,False,False,,miss,2014-15,2015-16
2014,boosted trees,203109,Jae Crowder,2014-15,0.15441199205463096,1,536,17,BOS,24.57494866529774,2.0,20.080833333333334,7.658536585365853,0.011935881729926379,BOS,31.619041095890413,14.219178082191782,False,True,False,role,hit,2014-15,2015-16
2014,boosted trees,203506,Victor Oladipo,2014-15,0.15021565150767888,0,536,18,ORL,22.746064339493497,1.0,35.7331712962963,17.944444444444443,0.22153067993439965,ORL,33.04625,16.01388888888889,False,False,False,,miss,2014-15,2015-16
2014,boosted trees,202699,Tobias Harris,2014-15,0.14695409584133146,0,536,19,ORL,22.548939082819988,3.0,34.84024509803922,17.11764705882353,0.24252152995518184,DET,33.07098684210526,14.68421052631579,False,False,False,,miss,2014-15,2015-16
2014,boosted trees,202704,Reggie Jackson,2014-15,0.145351052450557,1,536,20,DET,24.79671457905544,3.0,29.45770562770563,14.506493506493506,0.40220265852392134,DET,30.686223628691984,18.848101265822784,True,False,False,scoring,hit,2014-15,2015-16
2014,boosted trees,203082,Terrence Ross,2014-15,0.1439576681963969,0,536,21,TOR,23.98904859685147,2.0,25.50936991869919,9.841463414634147,-0.2923025187834583,TOR,23.936666666666667,9.863013698630137,False,False,False,,miss,2014-15,2015-16
2014,boosted trees,203471,Dennis Schröder,2014-15,0.13912152530412797,0,536,22,ATL,21.37987679671458,1.0,19.689047619047617,9.974025974025974,0.09494612466465761,ATL,20.261979166666666,10.9875,False,False,False,,miss,2014-15,2015-16
2014,boosted trees,203917,Nik Stauskas,2014-15,0.13360835785197683,1,536,23,SAC,21.319644079397673,0.0,15.431780821917808,4.36986301369863,-0.8965787718947649,PHI,24.78150684931507,8.452054794520548,False,True,False,role,hit,2014-15,2015-16
2014,boosted trees,203957,Dante Exum,2014-15,0.13280485043847626,0,536,24,UTA,19.5564681724846,0.0,22.159146341463416,4.7926829268292686,-0.664626818524583,,,,,,,,miss,2014-15,2015-16
2014,boosted trees,202322,John Wall,2014-15,0.12881044301736022,0,536,25,WAS,24.40520191649555,4.0,35.90548523206751,17.556962025316455,0.9335755621530176,WAS,36.15603896103896,19.883116883116884,False,False,False,,miss,2014-15,2015-16
2015,boosted trees,203507,Giannis Antetokounmpo,2015-16,0.531891205215951,1,722,1,MIL,21.155373032169745,2.0,35.29266666666667,16.875,0.5285237672958031,MIL,35.562958333333334,22.9,True,False,True,"scoring, production",hit,2015-16,2016-17
2015,boosted trees,203484,Kentavious Caldwell-Pope,2015-16,0.45411443666646933,0,722,2,DET,22.951403148528406,2.0,36.693837719298244,14.539473684210526,0.11885436125895692,DET,33.26964912280702,13.776315789473685,False,False,False,,miss,2015-16,2016-17
2015,boosted trees,203469,Cody Zeller,2015-16,0.43288551888341165,0,722,3,CHA,23.32375085557837,2.0,24.29769406392694,8.73972602739726,0.2085287035517505,CHA,27.83018817204301,10.306451612903226,False,False,False,,miss,2015-16,2016-17
2015,boosted trees,203937,Kyle Anderson,2015-16,0.4029463686107818,0,722,4,SAS,22.365503080082135,1.0,15.962329059829061,4.487179487179487,0.04398477879419912,SAS,14.167939814814815,3.4166666666666665,False,False,False,,miss,2015-16,2016-17
2015,boosted trees,203914,Gary Harris,2015-16,0.3904564889246046,0,722,5,DEN,21.38261464750171,1.0,32.08732456140351,12.263157894736842,-0.09487261157224451,DEN,31.268216374269006,14.929824561403509,False,False,False,,miss,2015-16,2016-17
2015,boosted trees,203114,Khris Middleton,2015-16,0.359018867819214,0,722,6,MIL,24.473648186173854,3.0,36.10126582278481,18.151898734177216,0.36201396648304734,MIL,30.656781609195402,14.689655172413794,False,False,False,,miss,2015-16,2016-17
2015,boosted trees,202324,Derrick Favors,2015-16,0.3422390954858488,0,722,7,UTA,24.550308008213552,5.0,31.987123655913976,16.387096774193548,0.6174636411241746,UTA,23.712233333333334,9.52,False,False,False,,miss,2015-16,2016-17
2015,boosted trees,203095,Evan Fournier,2015-16,0.3076307663241719,1,722,8,ORL,23.2580424366872,3.0,32.48213080168776,15.354430379746836,0.0917160139725774,ORL,32.84796568627451,17.16176470588235,True,False,False,scoring,hit,2015-16,2016-17
2015,boosted trees,1626164,Devin Booker,2015-16,0.29542556281054155,1,722,9,PHX,19.255304585900067,0.0,27.732434210526314,13.789473684210526,-0.307461728281021,PHX,35.00709401709402,22.128205128205128,True,True,False,"scoring, role",hit,2015-16,2016-17
2015,boosted trees,202695,Kawhi Leonard,2015-16,0.29161240309389824,1,722,10,SAS,24.594113620807665,4.0,33.049490740740744,21.15277777777778,1.3627785960811112,SAS,33.43891891891892,25.513513513513512,True,False,False,scoring,hit,2015-16,2016-17
2015,boosted trees,203490,Otto Porter Jr.,2015-16,0.27871565897502876,0,722,11,WAS,22.663928815879533,2.0,30.34497777777778,11.613333333333333,0.2846232642878057,WAS,32.56339583333333,13.4375,False,False,False,,miss,2015-16,2016-17
2015,boosted trees,203918,Rodney Hood,2015-16,0.2766756230215273,0,722,12,UTA,23.28268309377139,1.0,32.164767932489454,14.544303797468354,0.1896973983271438,UTA,27.00463276836158,12.677966101694915,False,False,False,,miss,2015-16,2016-17
2015,boosted trees,203498,Shabazz Muhammad,2015-16,0.27271168453455635,0,722,13,MIN,23.21697467488022,2.0,20.51201219512195,10.524390243902438,-0.28475082099762566,MIN,19.429764957264958,9.897435897435898,False,False,False,,miss,2015-16,2016-17
2015,boosted trees,202709,Cory Joseph,2015-16,0.24808755485428766,0,722,14,TOR,24.451745379876797,4.0,25.580020833333332,8.4625,-0.025172616651733638,TOR,25.034041666666667,9.25,False,False,False,,miss,2015-16,2016-17
2015,boosted trees,203932,Aaron Gordon,2015-16,0.2124619844993471,1,722,15,ORL,20.37782340862423,1.0,23.886153846153846,9.217948717948717,0.2537276635731534,ORL,28.7245625,12.7375,False,True,False,role,hit,2015-16,2016-17
2015,boosted trees,203459,Allen Crabbe,2015-16,0.21020912976833708,0,722,16,POR,23.813826146475016,2.0,25.987139917695476,10.271604938271604,-0.11728434463958988,POR,28.533016877637127,10.69620253164557,False,False,False,,miss,2015-16,2016-17
2015,boosted trees,1626159,Justise Winslow,2015-16,0.16063993301277354,0,722,17,MIA,19.852156057494867,0.0,28.61711538461539,6.435897435897436,-0.22956544601411108,MIA,34.73861111111111,10.88888888888889,False,False,False,,miss,2015-16,2016-17
2015,boosted trees,1626209,Mario Hezonja,2015-16,0.1415257799441219,0,722,18,ORL,20.933607118412045,0.0,17.8842194092827,6.050632911392405,-0.490758267330744,ORL,14.773589743589744,4.876923076923077,False,False,False,,miss,2015-16,2016-17
2015,boosted trees,203462,Archie Goodwin,2015-16,0.13574586217517812,0,722,19,PHX,21.45927446954141,2.0,19.53997076023392,8.859649122807017,-0.5765825330065447,BKN,14.276,7.333333333333333,False,False,False,,miss,2015-16,2016-17
2015,boosted trees,203471,Dennis Schröder,2015-16,0.13514353117589953,1,722,20,ATL,22.379192334017795,2.0,20.261979166666666,10.9875,0.391645154783334,ATL,31.453459915611813,17.89873417721519,True,False,False,scoring,hit,2015-16,2016-17
2015,boosted trees,203499,Shane Larkin,2015-16,0.13367980577853322,0,722,21,BKN,23.33196440793977,2.0,22.444252136752137,7.256410256410256,-0.29416901619769453,,,,,,,,miss,2015-16,2016-17
2015,boosted trees,203076,Anthony Davis,2015-16,0.13193061302749387,0,722,22,NOP,22.89390828199863,3.0,35.479672131147545,24.278688524590162,0.8543944872374606,NOP,36.102155555555555,27.986666666666668,False,False,False,,miss,2015-16,2016-17
2015,boosted trees,203457,Nerlens Noel,2015-16,0.1289385923252031,0,722,23,PHI,21.812457221081452,1.0,29.332014925373134,11.149253731343284,0.18017696448311527,DAL,20.5259477124183,8.72549019607843,False,False,False,,miss,2015-16,2016-17
2015,boosted trees,203944,Julius Randle,2015-16,0.1273663346970662,0,722,24,LAL,21.17453798767967,1.0,28.224650205761318,11.345679012345679,-0.1678822683801974,LAL,28.81225225225225,13.175675675675675,False,False,False,,miss,2015-16,2016-17
2015,boosted trees,203082,Terrence Ross,2015-16,0.12570121938444792,0,722,25,TOR,24.98836413415469,3.0,23.936666666666667,9.863013698630137,0.004923604425742584,ORL,25.063675213675214,11.0,False,False,False,,miss,2015-16,2016-17
2016,boosted trees,203935,Marcus Smart,2016-17,0.586045468342096,0,901,1,BOS,22.910335386721425,2.0,30.370738396624475,10.569620253164556,0.1497459961143419,BOS,29.881265432098765,10.185185185185185,False,False,False,,miss,2016-17,2017-18
2016,boosted trees,203507,Giannis Antetokounmpo,2016-17,0.5264448236546663,1,901,2,MIL,22.157426420260094,3.0,35.562958333333334,22.9,1.2017610195776596,MIL,36.74937777777778,26.85333333333333,True,False,True,"scoring, production",hit,2016-17,2017-18
2016,boosted trees,203999,Nikola Jokić,2016-17,0.4879733897908834,1,901,3,DEN,21.95208761122519,1.0,27.914086757990866,16.726027397260275,1.0540430800600558,DEN,32.56673333333333,18.466666666666665,True,True,False,"scoring, role",hit,2016-17,2017-18
2016,boosted trees,203497,Rudy Gobert,2016-17,0.4755104390355995,0,901,4,UTA,24.602327173169062,3.0,33.87341563786008,14.037037037037036,1.1207351791877729,UTA,32.42928571428571,13.5,False,False,False,,miss,2016-17,2017-18
2016,boosted trees,203933,T.J. Warren,2016-17,0.4732466241843016,1,901,5,PHX,23.408624229979466,2.0,31.03075757575758,14.409090909090908,0.008440258958521537,PHX,32.950256410256415,19.553846153846155,True,True,False,"scoring, role",hit,2016-17,2017-18
2016,boosted trees,203932,Aaron Gordon,2016-17,0.4033635061378886,1,901,6,ORL,21.37987679671458,2.0,28.7245625,12.7375,-0.008424311656230662,ORL,32.91514367816092,17.620689655172413,True,True,False,"scoring, role",hit,2016-17,2017-18
2016,boosted trees,1626164,Devin Booker,2016-17,0.3991603462618102,1,901,7,PHX,20.257357973990416,1.0,35.00709401709402,22.128205128205128,0.04396960895917231,PHX,34.54253086419753,24.925925925925927,True,False,False,scoring,hit,2016-17,2017-18
2016,boosted trees,203471,Dennis Schröder,2016-17,0.3529045382512614,1,901,8,ATL,23.381245722108144,3.0,31.453459915611813,17.89873417721519,0.29471761534129653,ATL,31.01375621890547,19.417910447761194,True,False,False,scoring,hit,2016-17,2017-18
2016,boosted trees,203095,Evan Fournier,2016-17,0.3177810599389402,0,901,9,ORL,24.26009582477755,4.0,32.84796568627451,17.16176470588235,0.011080941225235766,ORL,32.231842105263155,17.771929824561404,False,False,False,,miss,2016-17,2017-18
2016,boosted trees,204020,Tyler Johnson,2016-17,0.31746510296784886,0,901,10,MIA,24.739219712525667,2.0,29.828538812785386,13.726027397260275,0.30449595891022113,MIA,28.503356481481482,11.708333333333334,False,False,False,,miss,2016-17,2017-18
2016,boosted trees,203469,Cody Zeller,2016-17,0.29282764001420525,0,901,11,CHA,24.32580424366872,3.0,27.83018817204301,10.306451612903226,0.3794669777942616,CHA,19.005555555555553,7.0606060606060606,False,False,False,,miss,2016-17,2017-18
2016,boosted trees,203897,Zach LaVine,2016-17,0.27607495331404996,0,901,12,MIN,21.900068446269678,2.0,37.20858156028369,18.914893617021278,0.1361660122524638,CHI,27.345277777777778,16.708333333333332,False,False,False,,miss,2016-17,2017-18
2016,boosted trees,1626157,Karl-Anthony Towns,2016-17,0.27142493258158373,0,901,13,MIN,21.215605749486652,1.0,36.95524390243902,25.134146341463413,0.932622269660191,MIN,35.58766260162602,21.25609756097561,False,False,False,,miss,2016-17,2017-18
2016,boosted trees,1627737,Marquese Chriss,2016-17,0.26691221586130737,0,901,14,PHX,19.586584531143053,0.0,21.260487804878046,9.182926829268293,-0.4518266458315834,PHX,21.206944444444446,7.722222222222222,False,False,False,,miss,2016-17,2017-18
2016,boosted trees,204001,Kristaps Porziņģis,2016-17,0.2655381713884787,1,901,15,NYK,21.503080082135522,1.0,32.794141414141414,18.12121212121212,0.1414505348961713,NYK,32.35767361111111,22.666666666666668,True,False,False,scoring,hit,2016-17,2017-18
2016,boosted trees,203953,Jabari Parker,2016-17,0.24767929343552716,0,901,16,MIL,21.88637919233402,2.0,33.88003267973856,20.098039215686274,0.3680075657722679,MIL,23.95962365591398,12.612903225806452,False,False,False,,miss,2016-17,2017-18
2016,boosted trees,203991,Clint Capela,2016-17,0.2473645888116057,0,901,17,HOU,22.71047227926078,2.0,23.866179487179487,12.584615384615384,0.6792141007253739,HOU,27.48795045045045,13.864864864864865,False,False,False,,miss,2016-17,2017-18
2016,boosted trees,203914,Gary Harris,2016-17,0.2454203179909163,1,901,18,DEN,22.38466803559206,2.0,31.268216374269006,14.929824561403509,0.1800134244370253,DEN,34.39626865671642,17.46268656716418,True,False,False,scoring,hit,2016-17,2017-18
2016,boosted trees,1626155,Sam Dekker,2016-17,0.24328015765890829,0,901,19,HOU,22.743326488706366,1.0,18.429415584415587,6.545454545454546,-0.11201938402879784,LAC,12.092488584474886,4.1506849315068495,False,False,False,,miss,2016-17,2017-18
2016,boosted trees,203512,Lucas Nogueira,2016-17,0.20711275619943886,0,901,20,TOR,24.520191649555098,2.0,19.092105263157894,4.43859649122807,0.2523856920618241,TOR,8.52734693877551,2.489795918367347,False,False,False,,miss,2016-17,2017-18
2016,boosted trees,203501,Tim Hardaway Jr.,2016-17,0.18821848729640048,0,901,21,ATL,24.88158795345654,3.0,27.259177215189872,14.468354430379748,0.1910099647469882,NYK,33.06938596491228,17.473684210526315,False,False,False,,miss,2016-17,2017-18
2016,boosted trees,1626149,Montrezl Harrell,2016-17,0.1868890561066704,1,901,22,HOU,23.017111567419576,1.0,18.33721264367816,9.086206896551724,0.24436314049215022,LAC,17.01546052631579,11.0,False,False,True,production,hit,2016-17,2017-18
2016,boosted trees,1627751,Jakob Poeltl,2016-17,0.17030542178296243,1,901,23,TOR,21.300479123887747,0.0,11.600555555555555,3.0555555555555554,-0.3778031822704508,TOR,18.579817073170734,6.914634146341464,False,True,False,role,hit,2016-17,2017-18
2016,boosted trees,203994,Jusuf Nurkić,2016-17,0.14358224643306133,1,901,24,POR,22.444900752908968,2.0,21.39969230769231,10.184615384615384,0.037749390700915125,POR,26.431772151898734,14.329113924050633,False,True,False,role,hit,2016-17,2017-18
2016,boosted trees,1626144,Emmanuel Mudiay,2016-17,0.14185380437548173,0,901,25,DEN,20.91170431211499,1.0,25.555666666666667,10.963636363636363,-0.3554582631796415,NYK,19.440989583333334,8.640625,False,False,False,,miss,2016-17,2017-18
2017,boosted trees,203999,Nikola Jokić,2017-18,0.6939857442967914,0,1093,1,DEN,22.951403148528406,2.0,32.56673333333333,18.466666666666665,1.0718306929840717,DEN,31.294833333333333,20.05,False,False,False,,miss,2017-18,2018-19
2017,boosted trees,203954,Joel Embiid,2017-18,0.6557530172256282,1,1093,2,PHI,23.88227241615332,1.0,30.351349206349205,22.936507936507937,1.0794908285834366,PHI,33.661015625,27.515625,True,False,False,scoring,hit,2017-18,2018-19
2017,boosted trees,1626196,Josh Richardson,2017-18,0.6098757934189601,1,1093,3,MIA,24.380561259411362,2.0,33.20339506172839,12.901234567901234,0.25171703037445353,MIA,34.78671232876712,16.561643835616437,True,False,False,scoring,hit,2017-18,2018-19
2017,boosted trees,1626169,Stanley Johnson,2017-18,0.5368572847171995,0,1093,4,DET,21.678302532511978,2.0,27.442391304347826,8.681159420289855,-0.26762669690429547,NOP,18.293484848484848,6.878787878787879,False,False,False,,miss,2017-18,2018-19
2017,boosted trees,203507,Giannis Antetokounmpo,2017-18,0.5298808712911783,1,1093,5,MIL,23.156741957563312,4.0,36.74937777777778,26.85333333333333,1.2648568199570855,MIL,32.75307870370371,27.694444444444443,True,False,True,"scoring, production",hit,2017-18,2018-19
2017,boosted trees,1627750,Jamal Murray,2017-18,0.5265972407574641,0,1093,6,DEN,20.93908281998631,1.0,31.66318930041152,16.691358024691358,0.25667120794769027,DEN,32.63082222222222,18.226666666666667,False,False,False,,miss,2017-18,2018-19
2017,boosted trees,203937,Kyle Anderson,2017-18,0.5050366631025798,0,1093,7,SAS,24.366872005475702,3.0,26.735000000000003,7.905405405405405,0.38515187953851754,MEM,29.802945736434108,8.046511627906977,False,False,False,,miss,2017-18,2018-19
2017,boosted trees,203915,Spencer Dinwiddie,2017-18,0.48183162594045276,1,1093,8,BKN,24.824093086926762,3.0,28.825312500000003,12.5875,0.27608884298512865,BKN,28.147107843137256,16.808823529411764,True,False,False,scoring,hit,2017-18,2018-19
2017,boosted trees,1626178,Rondae Hollis-Jefferson,2017-18,0.47230289782610224,0,1093,9,BKN,23.080082135523615,2.0,28.243578431372548,13.911764705882353,0.27007436243827265,BKN,20.91463276836158,8.932203389830509,False,False,False,,miss,2017-18,2018-19
2017,boosted trees,203932,Aaron Gordon,2017-18,0.45025708444338935,0,1093,10,ORL,22.379192334017795,3.0,32.91514367816092,17.620689655172413,0.35242604115754106,ORL,33.75042735042735,15.974358974358974,False,False,False,,miss,2017-18,2018-19
2017,boosted trees,1626164,Devin Booker,2017-18,0.43989087265785803,1,1093,11,PHX,21.256673511293634,2.0,34.54253086419753,24.925925925925927,0.28092029320399564,PHX,35.03309895833333,26.5625,True,False,False,scoring,hit,2017-18,2018-19
2017,boosted trees,1628378,Donovan Mitchell,2017-18,0.4254510857618941,0,1093,12,UTA,21.401779603011637,0.0,33.393797468354435,20.455696202531644,0.5841039059260972,UTA,33.74378787878788,23.753246753246753,False,False,False,,miss,2017-18,2018-19
2017,boosted trees,1627783,Pascal Siakam,2017-18,0.41623945112901894,1,1093,13,TOR,23.835728952772072,1.0,20.73119341563786,7.271604938271605,0.22848144358778064,TOR,31.845166666666664,16.925,True,True,False,"scoring, role",hit,2017-18,2018-19
2017,boosted trees,203078,Bradley Beal,2017-18,0.39683972887527463,0,1093,14,WAS,24.5968514715948,5.0,36.30123983739838,22.646341463414632,0.617927582455444,WAS,36.92258130081301,25.597560975609756,False,False,False,,miss,2017-18,2018-19
2017,boosted trees,203935,Marcus Smart,2017-18,0.3836295796886948,0,1093,15,BOS,23.90965092402464,3.0,29.881265432098765,10.185185185185185,0.15354372832819949,BOS,27.497291666666666,8.85,False,False,False,,miss,2017-18,2018-19
2017,boosted trees,1626171,Bobby Portis Jr.,2017-18,0.38237677443302054,0,1093,16,CHI,22.976043805612594,2.0,22.500273972602738,13.205479452054794,0.17392233170618485,WAS,25.963533333333334,14.2,False,False,False,,miss,2017-18,2018-19
2017,boosted trees,1628381,John Collins,2017-18,0.37984393985121645,1,1093,17,ATL,20.358658453114305,0.0,24.116486486486487,10.5,0.2260138188562588,ATL,29.97379781420765,19.475409836065573,True,False,False,scoring,hit,2017-18,2018-19
2017,boosted trees,1627759,Jaylen Brown,2017-18,0.3695664426568681,0,1093,18,BOS,21.27310061601643,1.0,30.739214285714283,14.528571428571428,0.2916802164531745,BOS,25.856103603603604,13.027027027027026,False,False,False,,miss,2017-18,2018-19
2017,boosted trees,1628389,Bam Adebayo,2017-18,0.3678918619337041,0,1093,19,MIA,20.542094455852155,0.0,19.82876811594203,6.913043478260869,0.04384983666334413,MIA,23.32439024390244,8.890243902439025,False,False,False,,miss,2017-18,2018-19
2017,boosted trees,1627742,Brandon Ingram,2017-18,0.3433977774638977,1,1093,20,LAL,20.416153319644078,1.0,33.46714689265537,16.084745762711865,0.1674699987371797,LAL,33.85564102564103,18.26923076923077,True,False,False,scoring,hit,2017-18,2018-19
2017,boosted trees,1627832,Fred VanVleet,2017-18,0.33725879960125216,0,1093,21,TOR,23.93429158110883,1.0,20.001162280701756,8.631578947368421,0.33554613064827926,TOR,27.503958333333333,10.953125,False,False,False,,miss,2017-18,2018-19
2017,boosted trees,1626179,Terry Rozier,2017-18,0.3290640820903787,0,1093,22,BOS,23.87953456536619,2.0,25.85175,11.25,0.3219759237825443,BOS,22.675759493670885,8.962025316455696,False,False,False,,miss,2017-18,2018-19
2017,boosted trees,203994,Jusuf Nurkić,2017-18,0.3186600506054869,0,1093,23,POR,23.444216290212182,3.0,26.431772151898734,14.329113924050633,0.24565598623517784,POR,27.410462962962963,15.625,False,False,False,,miss,2017-18,2018-19
2017,boosted trees,1626145,Tyus Jones,2017-18,0.3182212878214835,0,1093,24,MIN,21.730321697467488,2.0,17.88792682926829,5.073170731707317,-0.006585466274534824,MIN,22.947401960784315,6.882352941176471,False,False,False,,miss,2017-18,2018-19
2017,boosted trees,203471,Dennis Schröder,2017-18,0.30409067041970883,0,1093,25,ATL,24.380561259411362,4.0,31.01375621890547,19.417910447761194,0.23764442082097084,OKC,29.287995780590716,15.49367088607595,False,False,False,,miss,2017-18,2018-19
2018,boosted trees,1627783,Pascal Siakam,2018-19,0.6488847911582879,0,1317,1,TOR,24.83504449007529,2.0,31.845166666666664,16.925,0.7103280672440686,TOR,35.169361111111115,22.85,False,False,False,,miss,2018-19,2019-20
2018,boosted trees,1626164,Devin Booker,2018-19,0.5875527304658752,0,1317,2,PHX,22.255989048596852,3.0,35.03309895833333,26.5625,0.48135127239874315,PHX,35.88085714285714,26.614285714285714,False,False,False,,miss,2018-19,2019-20
2018,boosted trees,1628381,John Collins,2018-19,0.5428707088756531,1,1317,3,ATL,21.357973990417523,1.0,29.97379781420765,19.475409836065573,0.503168624002592,ATL,33.24784552845529,21.585365853658537,True,False,False,scoring,hit,2018-19,2019-20
2018,boosted trees,1627742,Brandon Ingram,2018-19,0.48826926783058944,1,1317,4,LAL,21.415468856947296,2.0,33.85564102564103,18.26923076923077,0.11520865396487778,NOP,33.92645161290323,23.822580645161292,True,False,True,"scoring, production",hit,2018-19,2019-20
2018,boosted trees,203994,Jusuf Nurkić,2018-19,0.48478979935571476,0,1317,5,POR,24.4435318275154,4.0,27.410462962962963,15.625,0.6571764988572294,POR,31.642291666666665,17.625,False,False,False,,miss,2018-19,2019-20
2018,boosted trees,1628389,Bam Adebayo,2018-19,0.4719659139302673,1,1317,6,MIA,21.541409993155373,1.0,23.32439024390244,8.890243902439025,0.3541676775685442,MIA,33.56891203703704,15.916666666666666,True,True,False,"scoring, role",hit,2018-19,2019-20
2018,boosted trees,1627734,Domantas Sabonis,2018-19,0.42054250187332676,1,1317,7,IND,22.748802190280628,2.0,24.843873873873875,14.094594594594595,0.7408731811587302,IND,34.81693548387097,18.5,True,True,False,"scoring, role",hit,2018-19,2019-20
2018,boosted trees,1626172,Kevon Looney,2018-19,0.4057069913329968,0,1317,8,GSW,22.986995208761122,3.0,18.516541666666665,6.25,0.38659908744901283,GSW,13.080083333333334,3.4,False,False,False,,miss,2018-19,2019-20
2018,boosted trees,1626162,Kelly Oubre Jr.,2018-19,0.38737741053483427,1,1317,9,PHX,23.148528405201915,3.0,28.04048309178744,15.173913043478262,0.04371557846033866,PHX,34.52449404761905,18.678571428571427,True,True,False,"scoring, role",hit,2018-19,2019-20
2018,boosted trees,203944,Julius Randle,2018-19,0.33617135980349594,0,1317,10,NOP,24.175222450376456,4.0,30.570342465753427,21.438356164383563,0.5119103464541961,NYK,32.50625,19.5,False,False,False,,miss,2018-19,2019-20
2018,boosted trees,1628380,Zach Collins,2018-19,0.3335243010895319,0,1317,11,POR,21.201916495550993,1.0,17.606969696969696,6.64935064935065,-0.3548298614357152,POR,26.35515151515152,7.0,False,False,False,,miss,2018-19,2019-20
2018,boosted trees,1629006,Josh Okogie,2018-19,0.31602155185150294,0,1317,12,MIN,20.418891170431213,0.0,23.745540540540542,7.702702702702703,-0.3708226136305262,MIN,24.956344086021506,8.596774193548388,False,False,False,,miss,2018-19,2019-20
2018,boosted trees,203507,Giannis Antetokounmpo,2018-19,0.3140944267619729,1,1317,13,MIL,24.15605749486653,5.0,32.75307870370371,27.694444444444443,1.665854232647348,MIL,30.42666666666667,29.476190476190474,False,False,True,production,hit,2018-19,2019-20
2018,boosted trees,1627750,Jamal Murray,2018-19,0.27246210657459113,0,1317,14,DEN,21.93839835728953,2.0,32.63082222222222,18.226666666666667,0.42179476988257836,DEN,32.2624011299435,18.491525423728813,False,False,False,,miss,2018-19,2019-20
2018,boosted trees,203932,Aaron Gordon,2018-19,0.26265474927559646,0,1317,15,ORL,23.378507871321013,4.0,33.75042735042735,15.974358974358974,0.391466076114762,ORL,32.53456989247312,14.419354838709678,False,False,False,,miss,2018-19,2019-20
2018,boosted trees,203943,Noah Vonleh,2018-19,0.2432372881884656,0,1317,16,NYK,23.44147843942505,4.0,25.319044117647056,8.397058823529411,-0.13160175231036222,DEN,10.492731481481481,3.6666666666666665,False,False,False,,miss,2018-19,2019-20
2018,boosted trees,1628379,Luke Kennard,2018-19,0.21596108698962999,0,1317,17,DET,22.60643394934976,1.0,22.803650793650796,9.73015873015873,-0.15632297483542346,DET,32.92583333333333,15.785714285714286,False,False,False,,miss,2018-19,2019-20
2018,boosted trees,1628386,Jarrett Allen,2018-19,0.21048332504534384,0,1317,18,BKN,20.78302532511978,1.0,26.199624999999997,10.9125,0.2555259379801674,BKN,26.455190476190474,11.071428571428571,False,False,False,,miss,2018-19,2019-20
2018,boosted trees,1628398,Kyle Kuzma,2018-19,0.20779769870273335,0,1317,19,LAL,23.526351813826146,1.0,33.05116666666667,18.685714285714287,0.10707321336106694,LAL,25.019426229508195,12.819672131147541,False,False,False,,miss,2018-19,2019-20
2018,boosted trees,1626144,Emmanuel Mudiay,2018-19,0.20691055766325908,0,1317,20,NYK,22.910335386721425,3.0,27.238333333333333,14.796610169491526,-0.15922278056749267,UTA,15.733271604938272,7.314814814814815,False,False,False,,miss,2018-19,2019-20
2018,boosted trees,1628368,De'Aaron Fox,2018-19,0.20683932206005234,1,1317,21,SAC,21.117043121149898,1.0,31.430164609053495,17.271604938271604,0.4975013951019351,SAC,32.04699346405229,21.11764705882353,True,False,False,scoring,hit,2018-19,2019-20
2018,boosted trees,1628369,Jayson Tatum,2018-19,0.20138753304198803,1,1317,22,BOS,20.917180013689254,1.0,31.072109704641353,15.734177215189874,0.43946879598187993,BOS,34.3194696969697,23.439393939393938,True,False,False,scoring,hit,2018-19,2019-20
2018,boosted trees,1628988,Aaron Holiday,2018-19,0.19896463911313472,0,1317,23,IND,22.338124572210816,0.0,12.9166,5.88,-0.202894445509297,IND,24.505025252525254,9.5,False,False,False,,miss,2018-19,2019-20
2018,boosted trees,203999,Nikola Jokić,2018-19,0.19851823849648625,0,1317,24,DEN,23.95071868583162,3.0,31.294833333333333,20.05,1.1385027429733159,DEN,31.991849315068496,19.945205479452056,False,False,False,,miss,2018-19,2019-20
2018,boosted trees,1626224,Cedi Osman,2018-19,0.19417392387907656,0,1317,25,CLE,23.81930184804928,1.0,32.156732456140354,13.039473684210526,-0.3583527382784058,CLE,29.39028205128205,11.046153846153846,False,False,False,,miss,2018-19,2019-20
2019,boosted trees,1629029,Luka Dončić,2019-20,0.4999671956001954,0,1546,1,DAL,20.92539356605065,1.0,33.56139344262295,28.83606557377049,1.2887119768564876,DAL,34.27873737373737,27.727272727272727,False,False,False,,miss,2019-20,2020-21
2019,boosted trees,1627734,Domantas Sabonis,2019-20,0.4692160532036118,1,1546,2,IND,23.748117727583846,3.0,34.81693548387097,18.5,0.7799755003726782,IND,35.991075268817205,20.322580645161292,True,False,False,scoring,hit,2019-20,2020-21
2019,boosted trees,1628368,De'Aaron Fox,2019-20,0.347517020740956,1,1546,3,SAC,22.116358658453116,2.0,32.04699346405229,21.11764705882353,0.42186191609682444,SAC,35.1058908045977,25.189655172413794,True,False,False,scoring,hit,2019-20,2020-21
2019,boosted trees,1628418,Thomas Bryant,2019-20,0.3144571365067497,0,1546,4,WAS,22.50513347022587,2.0,24.930253623188406,13.23913043478261,0.19845386752075103,WAS,27.084166666666665,14.3,False,False,False,,miss,2019-20,2020-21
2019,boosted trees,1628978,Donte DiVincenzo,2019-20,0.3117296203592663,0,1546,5,MIL,23.000684462696782,1.0,23.036464646464648,9.242424242424242,0.37207204632802027,MIL,27.494898989898992,10.424242424242424,False,False,False,,miss,2019-20,2020-21
2019,boosted trees,1627759,Jaylen Brown,2019-20,0.3080343450155156,1,1546,6,BOS,23.27173169062286,3.0,33.923947368421054,20.333333333333332,0.5182550156401632,BOS,34.45916666666667,24.655172413793103,True,False,False,scoring,hit,2019-20,2020-21
2019,boosted trees,1628369,Jayson Tatum,2019-20,0.28524765963323173,1,1546,7,BOS,21.916495550992472,2.0,34.3194696969697,23.439393939393938,0.9097383126631096,BOS,35.776614583333334,26.4375,True,False,False,scoring,hit,2019-20,2020-21
2019,boosted trees,1628972,Troy Brown Jr.,2019-20,0.242951659945212,0,1546,8,WAS,20.514715947980836,1.0,25.826352657004833,10.376811594202898,-0.030001442556361405,CHI,15.393725490196077,4.735294117647059,False,False,False,,miss,2019-20,2020-21
2019,boosted trees,1629027,Trae Young,2019-20,0.2425613013093697,0,1546,9,ATL,21.36892539356605,1.0,35.33680555555556,29.633333333333333,0.6766033133192882,ATL,33.723915343915344,25.3015873015873,False,False,False,,miss,2019-20,2020-21
2019,boosted trees,1627826,Ivica Zubac,2019-20,0.23773940718407105,0,1546,10,LAC,22.874743326488705,3.0,18.416666666666668,8.277777777777779,0.5341389557005796,LAC,22.339861111111112,9.027777777777779,False,False,False,,miss,2019-20,2020-21
2019,boosted trees,1628983,Shai Gilgeous-Alexander,2019-20,0.22525162650327293,1,1546,11,OKC,21.557837097878167,1.0,34.6905,19.014285714285716,0.4995339624023021,OKC,33.70309523809524,23.714285714285715,True,False,False,scoring,hit,2019-20,2020-21
2019,boosted trees,1626156,D'Angelo Russell,2019-20,0.2237075482440217,0,1546,12,MIN,23.939767282683093,4.0,32.26951851851852,23.08888888888889,0.32606882132443793,MIN,28.48230158730159,18.952380952380953,False,False,False,,miss,2019-20,2020-21
2019,boosted trees,1629012,Collin Sexton,2019-20,0.21204767075080447,1,1546,13,CLE,21.075975359342916,1.0,32.96330769230769,20.753846153846155,-0.12184135626533192,CLE,35.25280555555556,24.333333333333332,True,False,False,scoring,hit,2019-20,2020-21
2019,boosted trees,1626162,Kelly Oubre Jr.,2019-20,0.1975880013455849,0,1546,14,PHX,24.147843942505133,4.0,34.52449404761905,18.678571428571427,0.3499073122734931,GSW,30.682727272727274,15.436363636363636,False,False,False,,miss,2019-20,2020-21
2019,boosted trees,1627775,Patrick McCaw,2019-20,0.18704639884362448,0,1546,15,TOR,24.27104722792608,3.0,24.54436936936937,4.594594594594595,-0.42215864222127775,TOR,6.674333333333334,1.0,False,False,False,,miss,2019-20,2020-21
2019,boosted trees,1628976,Wendell Carter Jr.,2019-20,0.18466354629645912,0,1546,16,CHI,20.79671457905544,1.0,29.204341085271317,11.255813953488373,0.15930119330238476,ORL,25.468827160493827,11.222222222222221,False,False,False,,miss,2019-20,2020-21
2019,boosted trees,1627749,Dejounte Murray,2019-20,0.18451654388957384,1,1546,17,SAS,23.367556468172484,3.0,25.5570202020202,10.909090909090908,0.168614087232851,SAS,31.931567164179103,15.686567164179104,True,False,False,scoring,hit,2019-20,2020-21
2019,boosted trees,1628989,Kevin Huerter,2019-20,0.17894182989968513,0,1546,18,ATL,21.43189596167009,1.0,31.435267857142858,12.214285714285714,-0.13209653816904424,ATL,30.811521739130434,11.91304347826087,False,False,False,,miss,2019-20,2020-21
2019,boosted trees,1628420,Monte Morris,2019-20,0.1666318689413923,0,1546,19,DEN,24.59958932238193,2.0,22.418515981735162,9.04109589041096,-0.07597167080816991,DEN,25.450070921985816,10.23404255319149,False,False,False,,miss,2019-20,2020-21
2019,boosted trees,1628365,Markelle Fultz,2019-20,0.16385841214152802,0,1546,20,ORL,21.678302532511978,2.0,27.72145833333333,12.083333333333334,0.056963934376343534,ORL,26.9,12.875,False,False,False,,miss,2019-20,2020-21
2019,boosted trees,1628984,Devonte' Graham,2019-20,0.1630752199496118,0,1546,21,CHA,24.941820670773442,1.0,35.098915343915344,18.174603174603174,0.2421638327708228,CHA,30.15642424242424,14.836363636363636,False,False,False,,miss,2019-20,2020-21
2019,boosted trees,1629645,Kevin Porter Jr.,2019-20,0.16113246642266355,0,1546,22,CLE,19.745379876796715,0.0,23.2344,9.96,-0.4907804191269913,HOU,32.134166666666665,16.576923076923077,False,False,False,,miss,2019-20,2020-21
2019,boosted trees,1629684,Grant Williams,2019-20,0.15276201374113196,0,1546,23,BOS,21.17180013689254,0.0,15.119178743961353,3.4347826086956523,-0.5227748271958764,BOS,18.062010582010583,4.666666666666667,False,False,False,,miss,2019-20,2020-21
2019,boosted trees,1629628,RJ Barrett,2019-20,0.14476996392276797,0,1546,24,NYK,19.633127994524298,0.0,30.43610119047619,14.339285714285714,-0.31029082995829754,NYK,34.87335648148148,17.555555555555557,False,False,False,,miss,2019-20,2020-21
2019,boosted trees,1629346,Alen Smailagic,2019-20,0.1435614686286623,0,1546,25,GSW,19.45516769336071,0.0,9.920952380952382,4.214285714285714,-0.5287331082332015,GSW,5.590333333333334,1.8666666666666667,False,False,False,,miss,2019-20,2020-21
2020,boosted trees,1627759,Jaylen Brown,2020-21,0.6609504698612187,0,1798,1,BOS,24.27378507871321,4.0,34.45916666666667,24.655172413793103,0.5786035518946456,BOS,33.643232323232326,23.62121212121212,False,False,False,,miss,2020-21,2021-22
2020,boosted trees,1628368,De'Aaron Fox,2020-21,0.518404312343505,0,1798,2,SAC,23.11841204654346,3.0,35.1058908045977,25.189655172413794,0.45694389654618256,SAC,35.31279661016949,23.16949152542373,False,False,False,,miss,2020-21,2021-22
2020,boosted trees,1628369,Jayson Tatum,2020-21,0.4589790878079941,1,1798,3,BOS,22.91854893908282,3.0,35.776614583333334,26.4375,0.769618648068183,BOS,35.933837719298246,26.92105263157895,True,False,False,scoring,hit,2020-21,2021-22
2020,boosted trees,1629639,Tyler Herro,2020-21,0.3028165486734406,1,1798,4,MIA,21.034907597535934,1.0,30.28077160493827,15.092592592592593,0.08261766802211278,MIA,32.59108585858586,20.71212121212121,True,False,False,scoring,hit,2020-21,2021-22
2020,boosted trees,1629627,Zion Williamson,2020-21,0.3027321866787642,0,1798,5,NOP,20.57494866529774,1.0,33.211311475409836,27.0,0.7615827624821709,,,,,,,,miss,2020-21,2021-22
2020,boosted trees,1627749,Dejounte Murray,2020-21,0.30267999375714966,1,1798,6,SAS,24.369609856262834,4.0,31.931567164179103,15.686567164179104,0.5086355173881459,SAS,34.79311274509804,21.147058823529413,True,True,True,"scoring, role, production",hit,2020-21,2021-22
2020,boosted trees,1629008,Michael Porter Jr.,2020-21,0.30106585623162385,0,1798,7,DEN,22.595482546201232,1.0,31.348360655737704,19.049180327868854,0.5855777058913026,DEN,29.449814814814815,9.88888888888889,False,False,False,,miss,2020-21,2021-22
2020,boosted trees,1629659,Talen Horton-Tucker,2020-21,0.3002744196931336,0,1798,8,LAL,20.186173853524984,1.0,20.065564102564103,9.0,-0.027965965912132257,LAL,25.18380555555556,9.95,False,False,False,,miss,2020-21,2021-22
2020,boosted trees,1628969,Mikal Bridges,2020-21,0.2724254783461583,0,1798,9,PHX,24.424366872005475,2.0,32.607337962962966,13.472222222222221,0.48357664236466363,PHX,34.80918699186992,14.170731707317072,False,False,False,,miss,2020-21,2021-22
2020,boosted trees,1628977,Hamidou Diallo,2020-21,0.269504429081017,0,1798,10,DET,22.507871321013006,2.0,23.578589743589742,11.615384615384615,-0.08073067717910676,DET,21.87623563218391,10.96551724137931,False,False,False,,miss,2020-21,2021-22
2020,boosted trees,1630169,Tyrese Haliburton,2020-21,0.26072888413209444,0,1798,11,SAC,20.92539356605065,0.0,30.097873563218393,12.982758620689655,0.09715993340624589,IND,34.98872294372294,15.337662337662337,False,False,False,,miss,2020-21,2021-22
2020,boosted trees,1627734,Domantas Sabonis,2020-21,0.21449454339533344,0,1798,12,IND,24.750171115674195,4.0,35.991075268817205,20.322580645161292,0.7595737348429744,SAC,34.44897849462365,18.887096774193548,False,False,False,,miss,2020-21,2021-22
2020,boosted trees,1630162,Anthony Edwards,2020-21,0.20189130495031687,0,1798,13,MIN,19.49349760438056,0.0,32.1412037037037,19.333333333333332,0.02454339206016058,MIN,34.249907407407406,21.291666666666668,False,False,False,,miss,2020-21,2021-22
2020,boosted trees,1629636,Darius Garland,2020-21,0.19494531654027442,1,1798,14,CLE,21.018480492813143,1.0,33.1470987654321,17.425925925925927,0.0662748890831486,CLE,35.734607843137255,21.66176470588235,True,False,True,"scoring, production",hit,2020-21,2021-22
2020,boosted trees,1629018,Gary Trent Jr.,2020-21,0.19292854280297447,1,1798,15,TOR,22.039698836413415,2.0,31.068706896551724,15.310344827586206,-0.20503845969711323,TOR,34.97002380952381,18.32857142857143,True,True,False,"scoring, role",hit,2020-21,2021-22
2020,boosted trees,1629638,Nickeil Alexander-Walker,2020-21,0.18745607116034932,0,1798,16,NOP,22.417522245037645,1.0,21.889528985507244,11.043478260869565,-0.15395005525208547,UTA,22.551076923076923,10.646153846153846,False,False,False,,miss,2020-21,2021-22
2020,boosted trees,1628970,Miles Bridges,2020-21,0.18649904624461563,1,1798,17,CHA,22.869267624914443,2.0,29.271540404040405,12.727272727272727,0.2063190621119544,CHA,35.46391666666666,20.1625,True,True,False,"scoring, role",hit,2020-21,2021-22
2020,boosted trees,1630177,Theo Maledon,2020-21,0.18058970574563052,0,1798,18,OKC,19.641341546885695,0.0,27.34925641025641,10.123076923076923,-0.6565098125701359,OKC,17.808235294117647,7.078431372549019,False,False,False,,miss,2020-21,2021-22
2020,boosted trees,1628989,Kevin Huerter,2020-21,0.17632603546687356,0,1798,19,ATL,22.43394934976044,2.0,30.811521739130434,11.91304347826087,0.02159644669169991,ATL,29.573738738738736,12.054054054054054,False,False,False,,miss,2020-21,2021-22
2020,boosted trees,1628973,Jalen Brunson,2020-21,0.1755997370608255,1,1798,20,DAL,24.421629021218344,2.0,24.95894607843137,12.602941176470589,0.23067353039042082,DAL,31.949493670886078,16.265822784810126,True,False,False,scoring,hit,2020-21,2021-22
2020,boosted trees,1629632,Coby White,2020-21,0.16682478627355316,0,1798,21,CHI,20.960985626283367,1.0,31.243768115942032,15.08695652173913,-0.0314609162796922,CHI,27.457814207650273,12.655737704918034,False,False,False,,miss,2020-21,2021-22
2020,boosted trees,1628978,Donte DiVincenzo,2020-21,0.1643640807888514,0,1798,22,MIL,24.00273785078713,2.0,27.494898989898992,10.424242424242424,0.17050710925101856,SAC,23.938095238095237,9.047619047619047,False,False,False,,miss,2020-21,2021-22
2020,boosted trees,1629012,Collin Sexton,2020-21,0.16327922470277723,0,1798,23,CLE,22.078028747433265,2.0,35.25280555555556,24.333333333333332,0.18595634437166453,CLE,28.76742424242424,16.0,False,False,False,,miss,2020-21,2021-22
2020,boosted trees,1627750,Jamal Murray,2020-21,0.16126854263912568,0,1798,24,DEN,23.939767282683093,4.0,35.492534722222224,21.208333333333332,0.5916515230137577,,,,,,,,miss,2020-21,2021-22
2020,boosted trees,1629027,Trae Young,2020-21,0.15788366039327556,0,1798,25,ATL,22.3709787816564,2.0,33.723915343915344,25.3015873015873,0.7547382155501857,ATL,34.893311403508775,28.355263157894736,False,False,False,,miss,2020-21,2021-22
2021,boosted trees,1630217,Desmond Bane,2021-22,0.7610676032602524,1,2052,1,MEM,23.60574948665298,1.0,29.818749999999998,18.210526315789473,0.4890542944883956,MEM,31.749195402298852,21.5,True,False,False,scoring,hit,2021-22,2022-23
2021,boosted trees,1629673,Jordan Poole,2021-22,0.6450818610325971,1,2052,2,GSW,22.622861054072555,2.0,30.043574561403506,18.486842105263158,0.408144299217059,GSW,29.976747967479675,20.426829268292682,True,False,False,scoring,hit,2021-22,2022-23
2021,boosted trees,1628970,Miles Bridges,2021-22,0.577641248757753,0,2052,3,CHA,23.86858316221766,3.0,35.46391666666666,20.1625,0.5108110117805624,,,,,,,,miss,2021-22,2022-23
2021,boosted trees,1629636,Darius Garland,2021-22,0.44155943870970643,0,2052,4,CLE,22.017796030116358,2.0,35.734607843137255,21.66176470588235,0.7199115308837012,CLE,35.46594202898551,21.594202898550726,False,False,False,,miss,2021-22,2022-23
2021,boosted trees,1630169,Tyrese Haliburton,2021-22,0.4372840482232575,1,2052,5,IND,21.924709103353866,1.0,34.98872294372294,15.337662337662337,0.4297676331273943,IND,33.62238095238095,20.714285714285715,True,False,False,scoring,hit,2021-22,2022-23
2021,boosted trees,1629022,Lonnie Walker IV,2021-22,0.3389325679393524,0,2052,6,SAS,23.134839151266256,3.0,23.033190476190477,12.128571428571428,-0.25132983070791326,LAL,23.161369047619047,11.678571428571429,False,False,False,,miss,2021-22,2022-23
2021,boosted trees,1629639,Tyler Herro,2021-22,0.3138252934599076,0,2052,7,MIA,22.034223134839152,2.0,32.59108585858586,20.71212121212121,0.4436458164008714,MIA,34.856592039801,20.104477611940297,False,False,False,,miss,2021-22,2022-23
2021,boosted trees,1629652,Luguentz Dort,2021-22,0.311444022453529,0,2052,8,OKC,22.78986995208761,2.0,32.65398692810457,17.19607843137255,-0.1271152175837702,OKC,30.70752252252252,13.68918918918919,False,False,False,,miss,2021-22,2022-23
2021,boosted trees,1628384,OG Anunoby,2021-22,0.3080413637187414,0,2052,9,TOR,24.54483230663929,4.0,36.00652777777778,17.125,0.33029690049549043,TOR,35.60674129353234,16.776119402985074,False,False,False,,miss,2021-22,2022-23
2021,boosted trees,1629630,Ja Morant,2021-22,0.3012726950092923,0,2052,10,MEM,22.480492813141684,2.0,33.1366081871345,27.43859649122807,0.9010590812296152,MEM,31.94013661202186,26.16393442622951,False,False,False,,miss,2021-22,2022-23
2021,boosted trees,1629628,RJ Barrett,2021-22,0.29849297613252596,0,2052,11,NYK,21.634496919917865,2.0,34.531285714285715,20.02857142857143,0.09514321260360503,NYK,33.910479452054794,19.602739726027398,False,False,False,,miss,2021-22,2022-23
2021,boosted trees,1630180,Saddiq Bey,2021-22,0.2801173205389995,0,2052,12,DET,22.817248459958932,1.0,32.977764227642275,16.109756097560975,-0.002465404359385507,ATL,27.645389610389614,13.792207792207792,False,False,False,,miss,2021-22,2022-23
2021,boosted trees,1630162,Anthony Edwards,2021-22,0.2682186240776668,0,2052,13,MIN,20.49281314168378,1.0,34.249907407407406,21.291666666666668,0.46812377861364834,MIN,35.96778481012658,24.632911392405063,False,False,False,,miss,2021-22,2022-23
2021,boosted trees,1630166,Deni Avdija,2021-22,0.2590552321460181,0,2052,14,WAS,21.078713210130047,1.0,24.195752032520325,8.353658536585366,-0.14475665151340858,WAS,26.583947368421054,9.171052631578947,False,False,False,,miss,2021-22,2022-23
2021,boosted trees,1629018,Gary Trent Jr.,2021-22,0.253362581204744,0,2052,15,TOR,23.039014373716633,3.0,34.97002380952381,18.32857142857143,0.2251452015626901,TOR,32.09080808080808,17.393939393939394,False,False,False,,miss,2021-22,2022-23
2021,boosted trees,1630163,LaMelo Ball,2021-22,0.2527918248321709,0,2052,16,CHA,20.44626967830253,1.0,32.294222222222224,20.106666666666666,0.7283941974635605,CHA,35.21541666666667,23.27777777777778,False,False,False,,miss,2021-22,2022-23
2021,boosted trees,1630193,Immanuel Quickley,2021-22,0.2478094236922376,0,2052,17,NYK,22.628336755646817,1.0,23.10811965811966,11.307692307692308,0.20018031316795284,NYK,28.939567901234568,14.925925925925926,False,False,False,,miss,2021-22,2022-23
2021,boosted trees,1629014,Anfernee Simons,2021-22,0.24378863156526823,1,2052,18,POR,22.652977412731005,3.0,29.491461988304092,17.333333333333332,0.011923940991685145,POR,35.01064516129032,21.06451612903226,True,True,False,"scoring, role",hit,2021-22,2022-23
2021,boosted trees,1629001,De'Anthony Melton,2021-22,0.2375792207160373,0,2052,19,MEM,23.682409308692677,3.0,22.696027397260274,10.835616438356164,0.25029937036405814,PHI,27.919826839826843,10.12987012987013,False,False,False,,miss,2021-22,2022-23
2021,boosted trees,1630245,Ayo Dosunmu,2021-22,0.2128099436399305,0,2052,20,CHI,22.04243668720055,0.0,27.397943722943726,8.818181818181818,-0.3055915985930371,CHI,26.220208333333336,8.5875,False,False,False,,miss,2021-22,2022-23
2021,boosted trees,1629645,Kevin Porter Jr.,2021-22,0.2127494817108849,1,2052,21,HOU,21.746748802190282,2.0,31.2648087431694,15.557377049180328,0.05784619689056941,HOU,34.30310734463277,19.152542372881356,True,False,False,scoring,hit,2021-22,2022-23
2021,boosted trees,1628976,Wendell Carter Jr.,2021-22,0.21181186842278996,0,2052,22,ORL,22.798083504449007,3.0,29.864032258064515,15.016129032258064,0.3120904409902831,ORL,29.641052631578948,15.228070175438596,False,False,False,,miss,2021-22,2022-23
2021,boosted trees,1630170,Devin Vassell,2021-22,0.21126953500194895,0,2052,23,SAS,21.44284736481862,1.0,27.280093896713616,12.28169014084507,0.06769474517023259,SAS,31.002061403508772,18.5,False,False,False,,miss,2021-22,2022-23
2021,boosted trees,1630178,Tyrese Maxey,2021-22,0.21123305299968007,1,2052,24,PHI,21.242984257357975,1.0,35.33808888888889,17.48,0.3543348229410293,PHI,33.59616666666667,20.3,True,False,False,scoring,hit,2021-22,2022-23
2021,boosted trees,1630175,Cole Anthony,2021-22,0.20303343799776,0,2052,25,ORL,21.71663244353183,1.0,31.683051282051284,16.338461538461537,0.11597392442911174,ORL,25.862666666666666,13.016666666666667,False,False,False,,miss,2021-22,2022-23
2022,boosted trees,1630217,Desmond Bane,2022-23,0.8070817294199598,1,2339,1,MEM,24.605065023956193,2.0,31.749195402298852,21.5,0.7294642184688115,MEM,34.35353174603175,23.738095238095237,True,False,False,scoring,hit,2022-23,2023-24
2022,boosted trees,1629673,Jordan Poole,2022-23,0.5669199801992733,0,2339,2,GSW,23.62217659137577,3.0,29.976747967479675,20.426829268292682,0.15254315793331805,WAS,30.071217948717948,17.384615384615383,False,False,False,,miss,2022-23,2023-24
2022,boosted trees,1629651,Nic Claxton,2022-23,0.5073563428895982,0,2339,3,BKN,23.794661190965094,3.0,29.877061403508772,12.644736842105264,0.8254714610672907,BKN,29.798075117370892,11.845070422535212,False,False,False,,miss,2022-23,2023-24
2022,boosted trees,1630169,Tyrese Haliburton,2022-23,0.4948916738037146,0,2339,4,IND,22.924024640657084,2.0,33.62238095238095,20.714285714285715,0.8777559357041597,IND,32.22519323671498,20.130434782608695,False,False,False,,miss,2022-23,2023-24
2022,boosted trees,1629640,Keldon Johnson,2022-23,0.4072871026990261,0,2339,5,SAS,23.310061601642712,3.0,32.751296296296296,21.984126984126984,-0.06583435055485132,SAS,29.54147342995169,15.710144927536232,False,False,False,,miss,2022-23,2023-24
2022,boosted trees,1630166,Deni Avdija,2022-23,0.345017951761167,0,2339,6,WAS,22.078028747433265,2.0,26.583947368421054,9.171052631578947,-0.08908968903820084,WAS,30.08857777777778,14.693333333333333,False,False,False,,miss,2022-23,2023-24
2022,boosted trees,1630178,Tyrese Maxey,2022-23,0.3403378861244399,1,2339,7,PHI,22.24229979466119,2.0,33.59616666666667,20.3,0.34651932275985126,PHI,37.511523809523815,25.942857142857143,True,True,False,"scoring, role",hit,2022-23,2023-24
2022,boosted trees,1630193,Immanuel Quickley,2022-23,0.34003397529532414,0,2339,8,NYK,23.627652292950035,2.0,28.939567901234568,14.925925925925926,0.3827097807316364,TOR,29.19612745098039,17.0,False,False,False,,miss,2022-23,2023-24
2022,boosted trees,1629014,Anfernee Simons,2022-23,0.32758635555820736,1,2339,9,POR,23.652292950034223,4.0,35.01064516129032,21.06451612903226,0.06643629234516762,POR,34.38572463768116,22.58695652173913,True,False,False,scoring,hit,2022-23,2023-24
2022,boosted trees,1630170,Devin Vassell,2022-23,0.32535119402046764,1,2339,10,SAS,22.442162902121833,2.0,31.002061403508772,18.5,0.014437844496427543,SAS,33.05504901960784,19.455882352941178,True,True,False,"scoring, role",hit,2022-23,2023-24
2022,boosted trees,1630183,Jaden McDaniels,2022-23,0.2985571794177132,0,2339,11,MIN,22.340862422997947,2.0,30.588459915611814,12.063291139240507,0.06858220497576543,MIN,29.24240740740741,10.51388888888889,False,False,False,,miss,2022-23,2023-24
2022,boosted trees,1630224,Jalen Green,2022-23,0.29146486378820946,0,2339,12,HOU,20.97741273100616,1.0,34.23888157894737,22.144736842105264,-0.13170390781093466,HOU,31.724166666666665,19.634146341463413,False,False,False,,miss,2022-23,2023-24
2022,boosted trees,1630578,Alperen Sengun,2022-23,0.28954375512463293,1,2339,13,HOU,20.522929500342233,1.0,28.94208888888889,14.786666666666667,0.1811940011074016,HOU,32.470396825396826,21.126984126984127,True,True,False,"scoring, role",hit,2022-23,2023-24
2022,boosted trees,1630583,Santi Aldama,2022-23,0.26449555202435,0,2339,14,MEM,22.05886379192334,1.0,21.840887445887443,9.03896103896104,-0.051114037002462594,MEM,26.525519125683058,10.721311475409836,False,False,False,,miss,2022-23,2023-24
2022,boosted trees,1630200,Tre Jones,2022-23,0.22989486875598727,0,2339,15,SAS,23.066392881587955,2.0,29.172622549019607,12.867647058823529,0.03932818963222204,SAS,27.768571428571427,10.012987012987013,False,False,False,,miss,2022-23,2023-24
2022,boosted trees,1630532,Franz Wagner,2022-23,0.227871221684802,0,2339,16,ORL,21.43189596167009,1.0,32.60908333333333,18.5625,0.24124965419779817,ORL,32.46412037037037,19.73611111111111,False,False,False,,miss,2022-23,2023-24
2022,boosted trees,1630559,Austin Reaves,2022-23,0.22289933611596727,0,2339,17,LAL,24.67898699520876,1.0,28.800416666666667,13.015625,0.20427586167125178,LAL,32.06036585365853,15.853658536585366,False,False,False,,miss,2022-23,2023-24
2022,boosted trees,1631093,Jaden Ivey,2022-23,0.20603512067942975,0,2339,18,DET,20.966461327857633,0.0,31.139414414414414,16.27027027027027,-0.2693332126730375,DET,28.798398268398266,15.38961038961039,False,False,False,,miss,2022-23,2023-24
2022,boosted trees,1630174,Aaron Nesmith,2022-23,0.19077444990165077,0,2339,19,IND,23.29637234770705,2.0,24.882237442922374,10.10958904109589,-0.353319656263919,IND,27.703541666666666,12.180555555555555,False,False,False,,miss,2022-23,2023-24
2022,boosted trees,1630530,Trey Murphy III,2022-23,0.19017084326828568,0,2339,20,NOP,22.622861054072555,1.0,30.987405063291142,14.531645569620252,0.2437159288799602,NOP,29.653771929824565,14.771929824561404,False,False,False,,miss,2022-23,2023-24
2022,boosted trees,1631095,Jabari Smith Jr.,2022-23,0.18355487308451168,0,2339,21,HOU,19.72347707049966,0.0,31.01957805907173,12.784810126582279,-0.4180792436530618,HOU,31.89269736842105,13.736842105263158,False,False,False,,miss,2022-23,2023-24
2022,boosted trees,1629630,Ja Morant,2022-23,0.18196130040100575,0,2339,22,MEM,23.479808350444902,3.0,31.94013661202186,26.16393442622951,1.0485966430489828,MEM,35.325,25.11111111111111,False,False,False,,miss,2022-23,2023-24
2022,boosted trees,1631104,Blake Wesley,2022-23,0.17793230336513668,0,2339,23,SAS,19.88227241615332,0.0,18.082567567567565,4.972972972972973,-1.0843589442859363,SAS,14.359426229508196,4.39344262295082,False,False,False,,miss,2022-23,2023-24
2022,boosted trees,1629639,Tyler Herro,2022-23,0.17472314770473615,0,2339,24,MIA,23.033538672142367,3.0,34.856592039801,20.104477611940297,0.4136105491656708,MIA,33.5025,20.833333333333332,False,False,False,,miss,2022-23,2023-24
2022,boosted trees,1629614,Andrew Nembhard,2022-23,0.17175403701353334,0,2339,25,IND,23.044490075290895,0.0,27.64708888888889,9.453333333333333,-0.41250481792351484,IND,24.951249999999998,9.205882352941176,False,False,False,,miss,2022-23,2023-24
2023,boosted trees,1630228,Jonathan Kuminga,2023-24,0.6825215052871692,0,2587,1,GSW,21.322381930184804,2.0,26.344774774774773,16.054054054054053,0.25054772196425723,GSW,24.342127659574466,15.297872340425531,False,False,False,,miss,2023-24,2024-25
2023,boosted trees,1630578,Alperen Sengun,2023-24,0.4390668398629231,0,2587,2,HOU,21.522245037645447,2.0,32.470396825396826,21.126984126984127,0.6655398830207385,HOU,31.512850877192978,19.092105263157894,False,False,False,,miss,2023-24,2024-25
2023,boosted trees,1631114,Jalen Williams,2023-24,0.409600225991464,0,2587,3,OKC,22.80082135523614,1.0,31.318286384976528,19.08450704225352,0.6647864143805673,OKC,32.41555555555556,21.594202898550726,False,False,False,,miss,2023-24,2024-25
2023,boosted trees,1630560,Cam Thomas,2023-24,0.3322286643293925,0,2587,4,BKN,22.302532511978097,2.0,31.437121212121212,22.454545454545453,0.04328538285959319,BKN,31.246266666666667,23.96,False,False,False,,miss,2023-24,2024-25
2023,boosted trees,1630193,Immanuel Quickley,2023-24,0.32403690275259195,0,2587,5,TOR,24.62696783025325,3.0,29.19612745098039,17.0,0.22301401085072317,TOR,27.81070707070707,17.09090909090909,False,False,False,,miss,2023-24,2024-25
2023,boosted trees,1641718,Keyonte George,2023-24,0.3221002827865129,0,2587,6,UTA,20.23271731690623,0.0,26.967688888888887,12.986666666666666,-0.4532621125869178,UTA,31.469776119402983,16.791044776119403,False,False,False,,miss,2023-24,2024-25
2023,boosted trees,1630170,Devin Vassell,2023-24,0.3081477841584376,0,2587,7,SAS,23.44147843942505,3.0,33.05504901960784,19.455882352941178,0.24583470062428384,SAS,30.987265625,16.265625,False,False,False,,miss,2023-24,2024-25
2023,boosted trees,1630162,Anthony Edwards,2023-24,0.3010951352319465,0,2587,8,MIN,22.491444216290212,3.0,35.06814345991561,25.936708860759495,0.842367417290284,MIN,36.34251054852321,27.556962025316455,False,False,False,,miss,2023-24,2024-25
2023,boosted trees,1630178,Tyrese Maxey,2023-24,0.2973507908066996,0,2587,9,PHI,23.241615331964407,3.0,37.511523809523815,25.942857142857143,0.6406964213982554,PHI,37.69605769230769,26.326923076923077,False,False,False,,miss,2023-24,2024-25
2023,boosted trees,1641717,Cason Wallace,2023-24,0.27377514907876077,0,2587,10,OKC,20.23545516769336,0.0,20.63319105691057,6.841463414634147,-0.11428175614411203,OKC,27.592058823529413,8.352941176470589,False,False,False,,miss,2023-24,2024-25
2023,boosted trees,1630169,Tyrese Haliburton,2023-24,0.27318128776084566,0,2587,11,IND,23.923340177960302,3.0,32.22519323671498,20.130434782608695,0.9240198963539651,IND,33.5670091324201,18.616438356164384,False,False,False,,miss,2023-24,2024-25
2023,boosted trees,1630532,Franz Wagner,2023-24,0.2723528592340721,1,2587,12,ORL,22.431211498973305,2.0,32.46412037037037,19.73611111111111,0.496270523365329,ORL,33.721777777777774,24.15,True,False,True,"scoring, production",hit,2023-24,2024-25
2023,boosted trees,1630552,Jalen Johnson,2023-24,0.2682582159823189,1,2587,13,ATL,22.12183436002738,2.0,33.7297619047619,16.0,0.4162800017668009,ATL,35.67162037037037,18.88888888888889,True,True,False,"scoring, role",hit,2023-24,2024-25
2023,boosted trees,1629632,Coby White,2023-24,0.2677033352179109,1,2587,14,CHI,23.958932238193018,4.0,36.47286919831223,19.10126582278481,0.20298291040651617,CHI,33.111576576576574,20.39189189189189,True,False,False,scoring,hit,2023-24,2024-25
2023,boosted trees,1631128,Christian Braun,2023-24,0.26255149262114347,1,2587,15,DEN,22.792607802874745,1.0,20.189817073170733,7.317073170731708,-0.11792281199358279,DEN,33.86561181434599,15.417721518987342,True,False,False,scoring,hit,2023-24,2024-25
2023,boosted trees,1630703,Scoot Henderson,2023-24,0.24475779018808133,0,2587,16,POR,19.994524298425734,0.0,28.47408602150538,14.0,-0.4509495527046195,POR,26.652601010101012,12.681818181818182,False,False,False,,miss,2023-24,2024-25
2023,boosted trees,1630166,Deni Avdija,2023-24,0.23307451660439554,1,2587,17,WAS,23.077344284736483,3.0,30.08857777777778,14.693333333333333,0.1324312053166332,POR,30.015949074074076,16.930555555555557,True,False,False,scoring,hit,2023-24,2024-25
2023,boosted trees,1631207,Dalen Terry,2023-24,0.22902613236290162,0,2587,18,CHI,21.557837097878167,1.0,11.537457627118645,3.0508474576271185,-0.4134754724779099,CHI,13.522990867579908,4.465753424657534,False,False,False,,miss,2023-24,2024-25
2023,boosted trees,1629014,Anfernee Simons,2023-24,0.22107897983328326,0,2587,19,POR,24.65160848733744,5.0,34.38572463768116,22.58695652173913,0.026314129781275526,POR,32.74140476190477,19.257142857142856,False,False,False,,miss,2023-24,2024-25
2023,boosted trees,1631094,Paolo Banchero,2023-24,0.20799428938002784,0,2587,20,ORL,21.22108145106092,1.0,34.98377083333334,22.55,0.3768404976024635,ORL,34.38108695652174,25.891304347826086,False,False,False,,miss,2023-24,2024-25
2023,boosted trees,1641731,Bilal Coulibaly,2023-24,0.1892270042287617,0,2587,21,WAS,19.51813826146475,0.0,27.226190476190474,8.444444444444445,-0.5289265440016393,WAS,33.00858757062147,12.322033898305085,False,False,False,,miss,2023-24,2024-25
2023,boosted trees,1630530,Trey Murphy III,2023-24,0.1739521800135373,1,2587,22,NOP,23.62217659137577,2.0,29.653771929824565,14.771929824561404,0.49078596510749667,NOP,34.98547169811321,21.20754716981132,True,True,False,"scoring, role",hit,2023-24,2024-25
2023,boosted trees,1631096,Chet Holmgren,2023-24,0.16963502883510187,0,2587,23,OKC,21.754962354551676,0.0,29.424349593495933,16.548780487804876,0.6808706307976579,OKC,27.391875,14.96875,False,False,False,,miss,2023-24,2024-25
2023,boosted trees,1630174,Aaron Nesmith,2023-24,0.16647455569810682,0,2587,24,IND,24.295687885010267,3.0,27.703541666666666,12.180555555555555,0.06748548260450922,IND,24.92485185185185,12.022222222222222,False,False,False,,miss,2023-24,2024-25
2023,boosted trees,1631170,Jaime Jaquez Jr.,2023-24,0.16169983954405087,0,2587,25,MIA,22.951403148528406,0.0,28.175933333333337,11.853333333333333,0.0564710571478822,MIA,20.733030303030304,8.636363636363637,False,False,False,,miss,2023-24,2024-25
2024,boosted trees,1631101,Shaedon Sharpe,2024-25,0.6597405450852437,1,2853,1,POR,21.678302532511978,2.0,31.28236111111111,18.541666666666668,0.041478265547161795,POR,29.426033333333336,20.84,True,False,False,scoring,hit,2024-25,2025-26
2024,boosted trees,1630166,Deni Avdija,2024-25,0.4983617012150189,1,2853,2,POR,24.079397672826833,4.0,30.015949074074076,16.930555555555557,0.2935175440808297,POR,33.324015151515155,24.21212121212121,True,False,True,"scoring, production",hit,2024-25,2025-26
2024,boosted trees,1630700,Dyson Daniels,2024-25,0.4674258667428346,0,2853,3,ATL,21.880903490759753,2.0,33.83118421052632,14.118421052631579,0.39060828552400667,ATL,33.15184210526316,11.855263157894736,False,False,False,,miss,2024-25,2025-26
2024,boosted trees,1631114,Jalen Williams,2024-25,0.4566573749663865,0,2853,4,OKC,23.802874743326488,2.0,32.41555555555556,21.594202898550726,0.8483303027915378,OKC,28.362525252525252,17.060606060606062,False,False,False,,miss,2024-25,2025-26
2024,boosted trees,1641708,Amen Thompson,2024-25,0.41673362609391124,1,2853,5,HOU,22.00684462696783,1.0,32.252391304347825,14.057971014492754,0.7250245803304297,HOU,37.381645569620254,18.265822784810126,True,False,False,scoring,hit,2024-25,2025-26
2024,boosted trees,1641710,Anthony Black,2024-25,0.3997208215432365,1,2853,6,ORL,21.034907597535934,1.0,24.192222222222224,9.435897435897436,-0.08710287317799635,ORL,29.84453125,14.984375,False,True,False,role,hit,2024-25,2025-26
2024,boosted trees,1641718,Keyonte George,2024-25,0.3180673306541866,1,2853,7,UTA,21.234770704996578,1.0,31.469776119402983,16.791044776119403,-0.22006286892757662,UTA,33.076080246913584,23.61111111111111,True,False,False,scoring,hit,2024-25,2025-26
2024,boosted trees,1630532,Franz Wagner,2024-25,0.3016356197756596,0,2853,8,ORL,23.433264887063654,3.0,33.721777777777774,24.15,0.7501113896122988,ORL,29.970686274509802,20.558823529411764,False,False,False,,miss,2024-25,2025-26
2024,boosted trees,1630540,Miles McBride,2024-25,0.28428855560506355,0,2853,9,NYK,24.399726214921287,3.0,24.897734375,9.546875,-0.0284320323613383,NYK,26.342317073170733,11.975609756097562,False,False,False,,miss,2024-25,2025-26
2024,boosted trees,1629632,Coby White,2024-25,0.2807825733390899,0,2853,10,CHI,24.960985626283367,5.0,33.111576576576574,20.39189189189189,0.19632494839136463,CHA,24.99576666666667,17.36,False,False,False,,miss,2024-25,2025-26
2024,boosted trees,1641731,Bilal Coulibaly,2024-25,0.2781478108725117,0,2853,11,WAS,20.520191649555098,1.0,33.00858757062147,12.322033898305085,-0.33477476706472387,WAS,26.207232142857144,11.732142857142858,False,False,False,,miss,2024-25,2025-26
2024,boosted trees,1630552,Jalen Johnson,2024-25,0.26417972011696755,1,2853,12,ATL,23.123887748117728,3.0,35.67162037037037,18.88888888888889,0.6744102620661505,ATL,35.16108796296297,22.51388888888889,True,False,True,"scoring, production",hit,2024-25,2025-26
2024,boosted trees,1630578,Alperen Sengun,2024-25,0.25961300608987076,0,2853,13,HOU,22.524298425735797,3.0,31.512850877192978,19.092105263157894,0.7661617439844046,HOU,33.301319444444445,20.36111111111111,False,False,False,,miss,2024-25,2025-26
2024,boosted trees,1629656,Quentin Grimes,2024-25,0.21129684284321806,0,2853,14,PHI,24.736481861738536,3.0,26.8412,14.56,-0.0014806244229369307,PHI,29.409622222222225,13.413333333333334,False,False,False,,miss,2024-25,2025-26
2024,boosted trees,1631222,Jake LaRavia,2024-25,0.2028198481260602,0,2853,15,SAC,23.247091033538673,2.0,20.44363636363636,6.9393939393939394,-0.13118118884343524,LAL,25.139878048780485,8.21951219512195,False,False,False,,miss,2024-25,2025-26
2024,boosted trees,1642267,Bub Carrington,2024-25,0.1993209811971163,0,2853,16,WAS,19.534565366187543,0.0,29.973048780487805,9.841463414634147,-0.4970065470610852,WAS,27.690853658536586,10.707317073170731,False,False,False,,miss,2024-25,2025-26
2024,boosted trees,1641717,Cason Wallace,2024-25,0.19509496864588702,0,2853,17,OKC,21.23750855578371,1.0,27.592058823529413,8.352941176470589,0.16086332463228692,OKC,26.572337662337663,8.571428571428571,False,False,False,,miss,2024-25,2025-26
2024,boosted trees,1631097,Bennedict Mathurin,2024-25,0.18875567990308786,0,2853,18,IND,22.622861054072555,2.0,29.851643518518514,16.055555555555557,0.048017032704921525,LAC,30.00027777777778,17.574074074074073,False,False,False,,miss,2024-25,2025-26
2024,boosted trees,1641711,Gradey Dick,2024-25,0.18271053870839668,0,2853,19,TOR,21.201916495550993,1.0,29.395802469135802,14.38888888888889,-0.3160490134586309,TOR,14.035372807017543,5.9868421052631575,False,False,False,,miss,2024-25,2025-26
2024,boosted trees,1630583,Santi Aldama,2024-25,0.1795195620594928,0,2853,20,MEM,24.060232717316907,3.0,25.533051282051282,12.476923076923077,0.19095501190306355,MEM,27.86228682170543,14.0,False,False,False,,miss,2024-25,2025-26
2024,boosted trees,1631108,Max Christie,2024-25,0.17818249012838297,0,2853,21,DAL,21.976728268309376,2.0,27.27104700854701,9.602564102564102,-0.30670451523867975,DAL,29.14909090909091,12.272727272727273,False,False,False,,miss,2024-25,2025-26
2024,boosted trees,1630215,Jared Butler,2024-25,0.1777908921107494,0,2853,22,PHI,24.438056125941138,3.0,17.39558333333333,9.016666666666667,-0.15414227787251508,,,,,,,,miss,2024-25,2025-26
2024,boosted trees,1642268,Isaiah Collier,2024-25,0.173987913842003,0,2853,23,UTA,20.317590691307323,0.0,25.902910798122065,8.661971830985916,-0.4336899948715691,UTA,25.710508474576272,11.661016949152541,False,False,False,,miss,2024-25,2025-26
2024,boosted trees,1642264,Stephon Castle,2024-25,0.1653006145580247,0,2853,24,SAS,20.251882272416154,0.0,26.69162551440329,14.691358024691358,-0.11987909293256405,SAS,29.966813725490198,16.66176470588235,False,False,False,,miss,2024-25,2025-26
2024,boosted trees,1641842,Ronald Holland II,2024-25,0.16455566754691198,0,2853,25,DET,19.572895277207394,0.0,15.633600823045269,6.444444444444445,-0.4244047410287141,DET,19.877542735042734,8.205128205128204,False,False,False,,miss,2024-25,2025-26
2025,boosted trees,1641718,Keyonte George,2025-26,0.6424204364687455,0,3112,1,UTA,22.234086242299796,2.0,33.076080246913584,23.61111111111111,0.28056970434098055,,,,,,,,pending,2025-26,2026-27
2025,boosted trees,1641710,Anthony Black,2025-26,0.6259060352420099,0,3112,2,ORL,22.034223134839152,2.0,29.84453125,14.984375,0.14624842836030424,,,,,,,,pending,2025-26,2026-27
2025,boosted trees,1642263,Reed Sheppard,2025-26,0.5714560654879483,0,3112,3,HOU,21.607118412046542,1.0,26.181991869918697,13.536585365853659,0.24358442867662466,,,,,,,,pending,2025-26,2026-27
2025,boosted trees,1641824,Matas Buzelis,2025-26,0.4545204263274303,0,3112,4,CHI,21.30321697467488,1.0,29.198030303030304,16.25974025974026,0.07331915182475796,,,,,,,,pending,2025-26,2026-27
2025,boosted trees,1641708,Amen Thompson,2025-26,0.44978189179327666,0,3112,5,HOU,23.006160164271048,2.0,37.381645569620254,18.265822784810126,0.7727452497557055,,,,,,,,pending,2025-26,2026-27
2025,boosted trees,1642349,Ajay Mitchell,2025-26,0.4113273480704224,0,3112,6,OKC,23.60574948665298,1.0,25.83856725146199,13.578947368421053,0.5443798511094592,,,,,,,,pending,2025-26,2026-27
2025,boosted trees,1631105,Jalen Duren,2025-26,0.3404965663964841,0,3112,7,DET,22.206707734428473,3.0,28.226476190476188,19.5,1.065089230271311,,,,,,,,pending,2025-26,2026-27
2025,boosted trees,1631097,Bennedict Mathurin,2025-26,0.33322382339690876,0,3112,8,LAC,23.62217659137577,3.0,30.00027777777778,17.574074074074073,0.07452932153403764,,,,,,,,pending,2025-26,2026-27
2025,boosted trees,1641729,Brice Sensabaugh,2025-26,0.32527177471699226,0,3112,9,UTA,22.258726899383984,2.0,23.491555555555554,14.88,-0.30567661220421155,,,,,,,,pending,2025-26,2026-27
2025,boosted trees,1642264,Stephon Castle,2025-26,0.28888293247781244,0,3112,10,SAS,21.251197809719372,1.0,29.966813725490198,16.66176470588235,0.6289435816286099,,,,,,,,pending,2025-26,2026-27
2025,boosted trees,1642281,Jaylon Tyson,2025-26,0.2865611156974534,0,3112,11,CLE,23.16769336071184,1.0,26.931565656565656,13.212121212121213,0.1449346224458066,,,,,,,,pending,2025-26,2026-27
2025,boosted trees,1630552,Jalen Johnson,2025-26,0.268276551296524,0,3112,12,ATL,24.123203285420946,4.0,35.16108796296297,22.51388888888889,0.9669155019143482,,,,,,,,pending,2025-26,2026-27
2025,boosted trees,1642273,Kyshawn George,2025-26,0.268224408448781,0,3112,13,WAS,22.140999315537304,1.0,28.978402777777777,14.791666666666666,-0.058120115544227656,,,,,,,,pending,2025-26,2026-27
2025,boosted trees,1631212,Peyton Watson,2025-26,0.26108635641740574,0,3112,14,DEN,23.392197125256672,3.0,29.58811728395062,14.61111111111111,0.12806042817337984,,,,,,,,pending,2025-26,2026-27
2025,boosted trees,1642844,Dylan Harper,2025-26,0.2537690535725274,0,3112,15,SAS,19.920602327173167,0.0,22.579082125603865,11.782608695652174,0.3308678115108872,,,,,,,,pending,2025-26,2026-27
2025,boosted trees,1631157,Ryan Rollins,2025-26,0.24725874370779702,0,3112,16,MIL,23.583846680355922,3.0,32.101126126126125,17.31081081081081,0.32574291496912955,,,,,,,,pending,2025-26,2026-27
2025,boosted trees,1642262,Cody Williams,2025-26,0.24198376136746394,0,3112,17,UTA,21.19917864476386,1.0,24.336442786069654,8.776119402985074,-0.608080972853544,,,,,,,,pending,2025-26,2026-27
2025,boosted trees,1641717,Cason Wallace,2025-26,0.23940997361970864,0,3112,18,OKC,22.236824093086927,2.0,26.572337662337663,8.571428571428571,0.22680803331038427,,,,,,,,pending,2025-26,2026-27
2025,boosted trees,1642867,Collin Murray-Boyles,2025-26,0.20512716834192996,0,3112,19,TOR,20.646132785763175,0.0,21.852631578947367,8.491228070175438,0.2166991737647214,,,,,,,,pending,2025-26,2026-27
2025,boosted trees,1641796,Pelle Larsson,2025-26,0.1914496169088002,0,3112,20,MIA,24.93908281998631,1.0,26.416333333333334,11.428571428571429,-0.03646340964710987,,,,,,,,pending,2025-26,2026-27
2025,boosted trees,1642847,Jeremiah Fears,2025-26,0.18892604793332218,0,3112,21,NOP,19.301848049281315,0.0,25.75491869918699,14.25609756097561,-0.13002273673591527,,,,,,,,pending,2025-26,2026-27
2025,boosted trees,1641842,Ronald Holland II,2025-26,0.1772477121995338,0,3112,22,DET,20.57221081451061,1.0,19.877542735042734,8.205128205128204,-0.03391422138999748,,,,,,,,pending,2025-26,2026-27
2025,boosted trees,1641716,Jarace Walker,2025-26,0.17235669047058588,0,3112,23,IND,22.412046543463383,2.0,25.702412280701754,11.631578947368421,-0.3197098554526387,,,,,,,,pending,2025-26,2026-27
2025,boosted trees,1642852,Derik Queen,2025-26,0.1695968456380523,0,3112,24,NOP,21.097878165639973,0.0,24.98,11.703703703703704,-0.01645231125243567,,,,,,,,pending,2025-26,2026-27
2025,boosted trees,1630581,Josh Giddey,2025-26,0.15983459769578184,0,3112,25,CHI,23.312799452429843,4.0,32.06216049382716,17.01851851851852,0.5905927131664513,,,,,,,,pending,2025-26,2026-27
